Row ID,Order ID,Order Date,Ship Date,Ship Mode,Customer ID,Customer Name,Segment,Country,City,State,Postal Code,Region,Product ID,Category,Sub-Category,Product Name,Sales,Quantity,Discount,Profit
7981,CA-2014-103800,1/3/2014,1/7/2014,Standard Class,DP-13000,Darren Powers,Consumer,United States,Houston,Texas,77095,Central,OFF-PA-10000174,Office Supplies,Paper,"Message Book, Wirebound, Four 5 1/2"" X 4"" Forms/Pg., 200 Dupl. Sets/Book",16.448,2,0.2,5.5512
7475,CA-2014-167199,1/6/2014,1/10/2014,Standard Class,ME-17320,Maria Etezadi,Home Office,United States,Henderson,Kentucky,42420,South,FUR-CH-10004063,Furniture,Chairs,Global Deluxe High-Back Manager's Chair,2573.82,9,0,746.4078
7661,CA-2014-105417,1/7/2014,1/12/2014,Standard Class,VS-21820,Vivek Sundaresam,Consumer,United States,Huntsville,Texas,77340,Central,FUR-FU-10004864,Furniture,Furnishings,"Howard Miller 14-1/2"" Diameter Chrome Round Wall Clock",76.728,3,0.6,-53.7096
764,CA-2014-162775,1/13/2014,1/15/2014,Second Class,CS-12250,Chris Selesnick,Corporate,United States,Bossier City,Louisiana,71111,South,OFF-EN-10001990,Office Supplies,Envelopes,Staple envelope,11.36,2,0,5.3392
4939,CA-2014-157147,1/13/2014,1/18/2014,Standard Class,BD-11605,Brian Dahlen,Consumer,United States,San Francisco,California,94109,West,FUR-BO-10003034,Furniture,Bookcases,"O'Sullivan Elevations Bookcase, Cherry Finish",333.999,3,0.15,3.9294
972,CA-2014-115791,1/16/2014,1/18/2014,Second Class,DL-13315,Delfina Latchford,Consumer,United States,Philadelphia,Pennsylvania,19134,East,TEC-PH-10004614,Technology,Phones,AT&T 841000 Phone,124.2,3,0.4,-31.05
5466,CA-2014-146591,1/19/2014,1/20/2014,First Class,TS-21340,Toby Swindell,Consumer,United States,Scottsdale,Arizona,85254,West,FUR-BO-10001972,Furniture,Bookcases,O'Sullivan 4-Shelf Bookcase in Odessa Pine,181.47,5,0.7,-320.597
5737,CA-2014-148614,1/20/2014,1/25/2014,Standard Class,MV-17485,Mark Van Huff,Consumer,United States,Los Angeles,California,90049,West,OFF-PA-10002893,Office Supplies,Paper,"Wirebound Service Call Books, 5 1/2"" x 4""",19.36,2,0,9.2928
6332,CA-2014-167927,1/20/2014,1/26/2014,Standard Class,XP-21865,Xylona Preis,Consumer,United States,Westland,Michigan,48185,Central,OFF-AR-10004456,Office Supplies,Art,Panasonic KP-4ABK Battery-Operated Pencil Sharpener,43.92,3,0,12.7368
2579,US-2014-155502,1/26/2014,1/31/2014,Standard Class,SD-20485,Shirley Daniels,Home Office,United States,Alexandria,Virginia,22304,South,FUR-FU-10004587,Furniture,Furnishings,"GE General Use Halogen Bulbs, 100 Watts, 1 Bulb per Pack",62.82,3,0,30.7818
8150,CA-2014-167997,1/26/2014,1/29/2014,First Class,CA-11965,Carol Adams,Corporate,United States,Rapid City,South Dakota,57701,Central,OFF-BI-10001758,Office Supplies,Binders,Wilson Jones 14 Line Acrylic Coated Pressboard Data Binders,10.68,2,0,5.0196
6389,CA-2014-134103,1/30/2014,2/4/2014,Standard Class,MV-18190,Mike Vittorini,Consumer,United States,Detroit,Michigan,48234,Central,OFF-ST-10000991,Office Supplies,Storage,Space Solutions HD Industrial Steel Shelving.,229.94,2,0,6.8982
1519,CA-2014-111059,2/3/2014,2/6/2014,Second Class,TB-21400,Tom Boeckenhauer,Consumer,United States,Seattle,Washington,98105,West,OFF-BI-10002827,Office Supplies,Binders,Avery Durable Poly Binders,13.272,3,0.2,4.3134
8981,CA-2014-108182,2/6/2014,2/10/2014,Second Class,DL-13315,Delfina Latchford,Consumer,United States,Romeoville,Illinois,60441,Central,OFF-BI-10001196,Office Supplies,Binders,"Avery Flip-Chart Easel Binder, Black",8.952,2,0.8,-14.7708
9255,CA-2014-168368,2/11/2014,2/15/2014,Second Class,GA-14725,Guy Armstrong,Consumer,United States,Columbia,Missouri,65203,Central,FUR-CH-10001146,Furniture,Chairs,"Global Value Mid-Back Manager's Chair, Gray",60.89,1,0,15.2225
5467,CA-2014-107706,2/14/2014,2/19/2014,Second Class,ST-20530,Shui Tom,Consumer,United States,Houston,Texas,77095,Central,OFF-PA-10000466,Office Supplies,Paper,"Memo Book, 100 Message Capacity, 5 3/8 x 11",16.176,3,0.2,6.066
9516,CA-2014-154165,2/17/2014,2/24/2014,Standard Class,DL-13315,Delfina Latchford,Consumer,United States,Chicago,Illinois,60653,Central,OFF-AR-10003631,Office Supplies,Art,Staples in misc. colors,54.208,14,0.2,8.8088
7611,CA-2014-133354,2/22/2014,2/24/2014,First Class,SA-20830,Sue Ann Reed,Consumer,United States,Moreno Valley,California,92553,West,OFF-PA-10001800,Office Supplies,Paper,Xerox 220,19.44,3,0,9.3312
5714,US-2014-143707,3/1/2014,3/5/2014,Standard Class,HR-14770,Hallie Redmond,Home Office,United States,New York City,New York,10035,East,TEC-PH-10003655,Technology,Phones,Sannysis Cute Owl Design Soft Skin Case Cover for Samsung Galaxy S4,5.94,3,0,1.6038
8310,CA-2014-168312,3/1/2014,3/7/2014,Standard Class,GW-14605,Giulietta Weimer,Consumer,United States,Houston,Texas,77036,Central,OFF-ST-10003692,Office Supplies,Storage,Recycled Steel Personal File for Hanging File Folders,137.352,3,0.2,8.5845
1163,CA-2014-127964,3/3/2014,3/8/2014,Standard Class,AP-10720,Anne Pryor,Home Office,United States,New York City,New York,10035,East,TEC-PH-10004700,Technology,Phones,PowerGen Dual USB Car Charger,9.99,1,0,4.5954
8712,CA-2014-105648,3/3/2014,3/7/2014,Standard Class,EJ-14155,Eva Jacobs,Consumer,United States,San Diego,California,92037,West,FUR-TA-10002958,Furniture,Tables,"Bevis Oval Conference Table, Walnut",626.352,3,0.2,-23.4882
8501,CA-2014-169061,3/5/2014,3/8/2014,Second Class,AB-10150,Aimee Bixby,Consumer,United States,Yonkers,New York,10701,East,OFF-PA-10001878,Office Supplies,Paper,Xerox 1891,97.82,2,0,45.9754
9643,CA-2014-104563,3/7/2014,3/12/2014,Standard Class,CM-12715,Craig Molinari,Corporate,United States,Seattle,Washington,98103,West,FUR-CH-10002780,Furniture,Chairs,Office Star - Task Chair with Contemporary Loop Arms,436.704,6,0.2,21.8352
3442,CA-2014-158337,3/11/2014,3/14/2014,Second Class,KA-16525,Kelly Andreada,Consumer,United States,New York City,New York,10024,East,OFF-PA-10002137,Office Supplies,Paper,"Southworth 100% Résumé Paper, 24lb.",108.92,14,0,49.014
1892,CA-2014-157623,3/14/2014,3/18/2014,Standard Class,DK-13225,Dean Katz,Corporate,United States,Huntington Beach,California,92646,West,OFF-AR-10003723,Office Supplies,Art,Avery Hi-Liter Fluorescent Desk Style Markers,3.38,1,0,1.2506
9406,CA-2014-152618,3/14/2014,3/17/2014,First Class,RB-19465,Rick Bensley,Home Office,United States,Chicago,Illinois,60653,Central,TEC-MA-10003626,Technology,Machines,Hewlett-Packard Deskjet 6540 Color Inkjet Printer,574.91,2,0.3,156.047
607,CA-2014-149958,3/15/2014,3/19/2014,Standard Class,AS-10240,Alan Shonely,Consumer,United States,Tampa,Florida,33614,South,OFF-PA-10002120,Office Supplies,Paper,Xerox 1889,131.904,3,0.2,47.8152
2358,US-2014-148838,3/17/2014,3/21/2014,Standard Class,CP-12340,Christine Phan,Corporate,United States,New York City,New York,10024,East,FUR-TA-10003473,Furniture,Tables,Bretford Rectangular Conference Table Tops,1579.746,7,0.4,-447.5947
5103,CA-2014-158442,3/17/2014,3/17/2014,Same Day,AZ-10750,Annie Zypern,Consumer,United States,Dallas,Texas,75217,Central,OFF-PA-10002365,Office Supplies,Paper,Xerox 1967,15.552,3,0.2,5.4432
2697,CA-2014-145317,3/18/2014,3/23/2014,Standard Class,SM-20320,Sean Miller,Home Office,United States,Jacksonville,Florida,32216,South,TEC-MA-10003626,Technology,Machines,Hewlett-Packard Deskjet 6540 Color Inkjet Printer,821.3,4,0.5,-16.426
6152,CA-2014-111871,3/18/2014,3/21/2014,Second Class,EK-13795,Eileen Kiefer,Home Office,United States,San Francisco,California,94110,West,FUR-BO-10004218,Furniture,Bookcases,"Bush Heritage Pine Collection 5-Shelf Bookcase, Albany Pine Finish, *Special Order",1198.33,10,0.15,70.49
6164,CA-2014-103989,3/19/2014,3/21/2014,First Class,MC-17605,Matt Connell,Corporate,United States,Lakeland,Florida,33801,South,OFF-BI-10001196,Office Supplies,Binders,"Avery Flip-Chart Easel Binder, Black",33.57,5,0.7,-25.737
7584,CA-2014-163223,3/21/2014,3/25/2014,Standard Class,KH-16690,Kristen Hastings,Corporate,United States,Springfield,Virginia,22153,South,TEC-PH-10000730,Technology,Phones,Samsung Galaxy S4 Active,3499.93,7,0,909.9818
8346,US-2014-155544,3/21/2014,3/25/2014,Standard Class,GM-14440,Gary McGarr,Consumer,United States,Knoxville,Tennessee,37918,South,FUR-CH-10000422,Furniture,Chairs,Global Highback Leather Tilter in Burgundy,218.376,3,0.2,-10.9188
3556,CA-2014-120838,3/23/2014,3/26/2014,Second Class,PO-18865,Patrick O'Donnell,Consumer,United States,Los Angeles,California,90036,West,TEC-PH-10003484,Technology,Phones,Ooma Telo VoIP Home Phone System,604.752,6,0.2,37.797
9309,CA-2014-128237,3/25/2014,3/30/2014,Standard Class,CA-12265,Christina Anderson,Consumer,United States,San Francisco,California,94110,West,TEC-AC-10002558,Technology,Accessories,Imation Swivel Flash Drive USB flash drive - 8 GB,45.48,4,0,15.918
7840,US-2014-137869,3/28/2014,4/2/2014,Standard Class,CV-12295,Christina VanderZanden,Consumer,United States,Des Moines,Iowa,50315,Central,OFF-EN-10001509,Office Supplies,Envelopes,Poly String Tie Envelopes,6.12,3,0,2.8764
5285,CA-2014-133424,3/30/2014,4/4/2014,Standard Class,Dl-13600,Dorris liebe,Corporate,United States,Seattle,Washington,98105,West,OFF-LA-10002312,Office Supplies,Labels,Avery 490,44.4,3,0,22.2
2230,CA-2014-128055,3/31/2014,4/5/2014,Standard Class,AA-10315,Alex Avila,Consumer,United States,San Francisco,California,94122,West,OFF-BI-10004390,Office Supplies,Binders,GBC DocuBind 200 Manual Binding Machine,673.568,2,0.2,252.588
9567,CA-2014-130428,3/31/2014,3/31/2014,Same Day,TG-21640,Trudy Glocke,Consumer,United States,Tampa,Florida,33614,South,OFF-BI-10001636,Office Supplies,Binders,Ibico Plastic and Wire Spiral Binding Combs,12.645,5,0.7,-10.116
5684,CA-2014-164315,4/2/2014,4/8/2014,Standard Class,RD-19585,Rob Dowd,Consumer,United States,Athens,Georgia,30605,South,TEC-PH-10001128,Technology,Phones,Motorola Droid Maxx,1049.93,7,0,293.9804
9886,CA-2014-112291,4/3/2014,4/8/2014,Standard Class,KE-16420,Katrina Edelman,Corporate,United States,Los Angeles,California,90008,West,TEC-AC-10000736,Technology,Accessories,Logitech G600 MMO Gaming Mouse,159.98,2,0,57.5928
5123,CA-2014-149538,4/4/2014,4/8/2014,Standard Class,KB-16585,Ken Black,Corporate,United States,Lafayette,Louisiana,70506,South,OFF-PA-10003797,Office Supplies,Paper,Xerox 209,19.44,3,0,9.3312
3281,CA-2014-102988,4/5/2014,4/9/2014,Second Class,GM-14695,Greg Maxwell,Corporate,United States,Alexandria,Virginia,22304,South,OFF-SU-10002881,Office Supplies,Supplies,Martin Yale Chadless Opener Electric Letter Opener,4164.05,5,0,83.281
9912,US-2014-157231,4/5/2014,4/9/2014,Standard Class,RP-19855,Roy Phan,Corporate,United States,Richmond,Kentucky,40475,South,OFF-BI-10002852,Office Supplies,Binders,Ibico Standard Transparent Covers,115.36,7,0,56.5264
6016,CA-2014-102652,4/6/2014,4/12/2014,Standard Class,AY-10555,Andy Yotov,Corporate,United States,Los Angeles,California,90049,West,FUR-FU-10000747,Furniture,Furnishings,Tenex B1-RE Series Chair Mats for Low Pile Carpets,91.96,2,0,15.6332
3482,CA-2014-124023,4/7/2014,4/10/2014,First Class,PJ-19015,Pauline Johnson,Consumer,United States,Mobile,Alabama,36608,South,FUR-FU-10004415,Furniture,Furnishings,"Stacking Tray, Side-Loading, Legal, Smoke",8.96,2,0,2.7776
5927,US-2014-118997,4/8/2014,4/12/2014,Standard Class,RA-19885,Ruben Ausman,Corporate,United States,Decatur,Alabama,35601,South,FUR-TA-10001086,Furniture,Tables,"SAFCO PlanMaster Boards, 60w x 37-1/2d, White Melamine",1215.92,8,0,316.1392
3776,US-2014-102715,4/11/2014,4/13/2014,Second Class,JK-15370,Jay Kimmel,Consumer,United States,Miami,Florida,33180,South,OFF-PA-10000029,Office Supplies,Paper,Xerox 224,10.368,2,0.2,3.6288
2794,CA-2014-154599,4/12/2014,4/17/2014,Standard Class,KN-16450,Kean Nguyen,Corporate,United States,Redondo Beach,California,90278,West,TEC-PH-10001557,Technology,Phones,Pyle PMP37LED,1075.088,14,0.2,94.0702
342,CA-2014-122336,4/13/2014,4/17/2014,Second Class,JD-15895,Jonathan Doherty,Corporate,United States,Philadelphia,Pennsylvania,19140,East,OFF-BI-10003656,Office Supplies,Binders,Fellowes PB200 Plastic Comb Binding Machine,509.97,10,0.7,-407.976
3533,CA-2014-110849,4/18/2014,4/23/2014,Standard Class,JL-15835,John Lee,Consumer,United States,Los Angeles,California,90049,West,TEC-MA-10002859,Technology,Machines,Ativa MDM8000 8-Sheet Micro-Cut Shredder,287.968,4,0.2,97.1892
6572,CA-2014-100678,4/18/2014,4/22/2014,Standard Class,KM-16720,Kunst Miller,Consumer,United States,Houston,Texas,77095,Central,TEC-AC-10000474,Technology,Accessories,Kensington Expert Mouse Optical USB Trackball for PC or Mac,227.976,3,0.2,28.497
6850,CA-2014-101462,4/20/2014,4/25/2014,Standard Class,BP-11230,Benjamin Patterson,Consumer,United States,Los Angeles,California,90045,West,FUR-FU-10000409,Furniture,Furnishings,"GE 4 Foot Flourescent Tube, 40 Watt",59.92,4,0,27.5632
3407,US-2014-150119,4/23/2014,4/27/2014,Standard Class,LB-16795,Laurel Beltran,Home Office,United States,Columbus,Ohio,43229,East,FUR-CH-10002965,Furniture,Chairs,"Global Leather Highback Executive Chair with Pneumatic Height Adjustment, Black",281.372,2,0.3,-12.0588
4376,CA-2014-166954,4/25/2014,4/30/2014,Standard Class,BT-11305,Beth Thompson,Home Office,United States,San Gabriel,California,91776,West,FUR-FU-10003708,Furniture,Furnishings,"Tenex Traditional Chairmats for Medium Pile Carpet, Standard Lip, 36"" x 48""",303.25,5,0,63.6825
1774,CA-2014-118976,4/28/2014,5/3/2014,Standard Class,MY-18295,Muhammed Yedwab,Corporate,United States,Baltimore,Maryland,21215,East,OFF-BI-10001628,Office Supplies,Binders,"Acco Data Flex Cable Posts For Top & Bottom Load Binders, 6"" Capacity",20.86,2,0,9.387
8452,CA-2014-131387,4/28/2014,4/30/2014,First Class,AI-10855,Arianne Irving,Consumer,United States,San Francisco,California,94122,West,TEC-PH-10001459,Technology,Phones,Samsung Galaxy Mega 6.3,1679.96,5,0.2,125.997
8267,CA-2014-118304,4/29/2014,5/4/2014,Standard Class,KH-16360,Katherine Hughes,Consumer,United States,Dover,Delaware,19901,East,TEC-PH-10000376,Technology,Phones,Square Credit Card Reader,19.98,2,0,5.1948
3862,CA-2014-135755,5/3/2014,5/10/2014,Standard Class,NC-18415,Nathan Cano,Consumer,United States,Yonkers,New York,10701,East,OFF-BI-10004828,Office Supplies,Binders,GBC Poly Designer Binding Covers,40.176,3,0.2,14.5638
8000,US-2014-148194,5/4/2014,5/7/2014,First Class,BS-11365,Bill Shonely,Corporate,United States,Seattle,Washington,98105,West,OFF-AP-10000696,Office Supplies,Appliances,Holmes Odor Grabber,57.68,4,0,19.0344
8597,CA-2014-111934,5/5/2014,5/7/2014,First Class,GD-14590,Giulietta Dortch,Corporate,United States,Arlington,Virginia,22204,South,OFF-PA-10000474,Office Supplies,Paper,Easy-staple paper,35.44,1,0,16.6568
6566,CA-2014-166086,5/7/2014,5/12/2014,Standard Class,CT-11995,Carol Triggs,Consumer,United States,Lawrence,Massachusetts,1841,East,FUR-CH-10004675,Furniture,Chairs,"Lifetime Advantage Folding Chairs, 4/Carton",872.32,4,0,244.2496
3541,CA-2014-158771,5/9/2014,5/9/2014,Same Day,SB-20290,Sean Braxton,Corporate,United States,Henderson,Kentucky,42420,South,OFF-PA-10002689,Office Supplies,Paper,Weyerhaeuser First Choice Laser/Copy Paper (20Lb. and 88 Bright),45.36,7,0,21.7728
9199,CA-2014-103310,5/10/2014,5/15/2014,Standard Class,GM-14680,Greg Matthias,Consumer,United States,San Jose,California,95123,West,OFF-SU-10004737,Office Supplies,Supplies,Acme Design Stainless Steel Bent Scissors,41.04,6,0,11.0808
9429,CA-2014-152100,5/11/2014,5/16/2014,Standard Class,VW-21775,Victoria Wilson,Corporate,United States,Huntsville,Texas,77340,Central,FUR-CH-10000015,Furniture,Chairs,Hon Multipurpose Stacking Arm Chairs,1212.96,8,0.3,-69.312
1888,CA-2014-140165,5/13/2014,5/15/2014,First Class,EH-14005,Erica Hernandez,Home Office,United States,Hialeah,Florida,33012,South,OFF-BI-10004519,Office Supplies,Binders,GBC DocuBind P100 Manual Binding Machine,398.352,8,0.7,-331.96
3006,CA-2014-148761,5/17/2014,5/21/2014,Standard Class,PA-19060,Pete Armstrong,Home Office,United States,Eau Claire,Wisconsin,54703,Central,OFF-BI-10000666,Office Supplies,Binders,Surelock Post Binders,91.68,3,0,45.84
2130,US-2014-114188,5/20/2014,5/22/2014,Second Class,RF-19345,Randy Ferguson,Corporate,United States,Dover,New Hampshire,3820,East,OFF-AP-10000124,Office Supplies,Appliances,Acco 6 Outlet Guardian Basic Surge Suppressor,33.28,4,0,9.3184
995,CA-2014-117639,5/21/2014,5/25/2014,Standard Class,MW-18235,Mitch Willingham,Corporate,United States,Virginia Beach,Virginia,23464,South,OFF-BI-10003925,Office Supplies,Binders,Fellowes PB300 Plastic Comb Binding Machine,2715.93,7,0,1276.4871
9793,CA-2014-127166,5/21/2014,5/23/2014,Second Class,KH-16360,Katherine Hughes,Consumer,United States,Houston,Texas,77070,Central,FUR-CH-10003396,Furniture,Chairs,Global Deluxe Steno Chair,107.772,2,0.3,-29.2524
610,US-2014-105767,5/23/2014,5/27/2014,Standard Class,AR-10510,Andrew Roberts,Consumer,United States,Philadelphia,Pennsylvania,19134,East,TEC-PH-10003092,Technology,Phones,Motorola L804,55.188,2,0.4,-10.1178
1820,US-2014-130379,5/25/2014,5/29/2014,Standard Class,JL-15235,Janet Lee,Consumer,United States,Chicago,Illinois,60623,Central,FUR-FU-10002553,Furniture,Furnishings,"Electrix Incandescent Magnifying Lamp, Black",29.32,2,0.6,-24.189
6740,CA-2014-144029,5/26/2014,5/31/2014,Standard Class,MM-18055,Michelle Moray,Consumer,United States,Chicago,Illinois,60623,Central,OFF-ST-10001837,Office Supplies,Storage,"SAFCO Mobile Desk Side File, Wire Frame",102.624,3,0.2,7.6968
1326,US-2014-117058,5/27/2014,5/30/2014,First Class,LE-16810,Laurel Elliston,Consumer,United States,Chicago,Illinois,60653,Central,OFF-BI-10004139,Office Supplies,Binders,Fellowes Presentation Covers for Comb Binding Machines,17.46,6,0.8,-30.555
7857,CA-2014-103429,5/30/2014,6/1/2014,First Class,LW-16825,Laurel Workman,Corporate,United States,New York City,New York,10024,East,OFF-BI-10004233,Office Supplies,Binders,"GBC Pre-Punched Binding Paper, Plastic, White, 8-1/2"" x 11""",25.584,2,0.2,8.9544
245,CA-2014-131926,6/1/2014,6/6/2014,Second Class,DW-13480,Dianna Wilson,Home Office,United States,Lakeville,Minnesota,55044,Central,FUR-CH-10004063,Furniture,Chairs,Global Deluxe High-Back Manager's Chair,2001.86,7,0,580.5394
2201,US-2014-165659,6/1/2014,6/6/2014,Standard Class,LT-17110,Liz Thompson,Consumer,United States,Little Rock,Arkansas,72209,South,FUR-FU-10001935,Furniture,Furnishings,3M Hangers With Command Adhesive,22.2,6,0,9.102
3889,CA-2014-100895,6/2/2014,6/6/2014,Standard Class,SV-20785,Stewart Visinsky,Consumer,United States,Roswell,Georgia,30076,South,TEC-PH-10001425,Technology,Phones,Mophie Juice Pack Helium for iPhone,239.97,3,0,67.1916
1875,CA-2014-147914,6/4/2014,6/9/2014,Standard Class,MP-17470,Mark Packer,Home Office,United States,Columbus,Ohio,43229,East,OFF-PA-10001685,Office Supplies,Paper,Easy-staple paper,16.224,2,0.2,5.8812
2141,CA-2014-159520,6/6/2014,6/11/2014,Standard Class,GT-14635,Grant Thornton,Corporate,United States,Long Beach,New York,11561,East,OFF-SU-10001664,Office Supplies,Supplies,Acme Office Executive Series Stainless Steel Trimmers,17.14,2,0,4.4564
394,US-2014-134971,6/7/2014,6/10/2014,Second Class,BP-11095,Bart Pistole,Corporate,United States,Peoria,Illinois,61604,Central,OFF-BI-10003982,Office Supplies,Binders,Wilson Jones Century Plastic Molded Ring Binders,12.462,3,0.8,-20.5623
7,CA-2014-115812,6/9/2014,6/14/2014,Standard Class,BH-11710,Brosina Hoffman,Consumer,United States,Los Angeles,California,90032,West,OFF-AR-10002833,Office Supplies,Art,Newell 322,7.28,4,0,1.9656
490,CA-2014-133753,6/9/2014,6/13/2014,Second Class,CW-11905,Carl Weiss,Home Office,United States,Huntsville,Texas,77340,Central,TEC-AC-10000303,Technology,Accessories,Logitech M510 Wireless Mouse,63.984,2,0.2,10.3974
4957,CA-2014-160262,6/9/2014,6/13/2014,Second Class,TS-21205,Thomas Seio,Corporate,United States,North Las Vegas,Nevada,89031,West,FUR-FU-10002685,Furniture,Furnishings,"Executive Impressions 13-1/2"" Indoor/Outdoor Wall Clock",37.4,2,0,14.212
6938,CA-2014-126963,6/15/2014,6/15/2014,Same Day,PS-18760,Pamela Stobb,Consumer,United States,El Paso,Texas,79907,Central,OFF-PA-10001952,Office Supplies,Paper,Xerox 1902,36.544,2,0.2,11.8768
6817,CA-2014-144414,6/17/2014,6/21/2014,Standard Class,GH-14425,Gary Hwang,Consumer,United States,Seattle,Washington,98105,West,OFF-FA-10000624,Office Supplies,Fasteners,OIC Binder Clips,17.9,5,0,8.95
3509,CA-2014-166863,6/20/2014,6/24/2014,Standard Class,SC-20020,Sam Craven,Consumer,United States,Plano,Texas,75023,Central,OFF-PA-10001166,Office Supplies,Paper,Xerox 2,15.552,3,0.2,5.4432
691,US-2014-117135,6/21/2014,6/23/2014,Second Class,NP-18325,Naresj Patel,Consumer,United States,Waynesboro,Virginia,22980,South,TEC-PH-10002033,Technology,Phones,Konftel 250 Conference phone - Charcoal black,284.82,1,0,74.0532
2997,CA-2014-138317,6/21/2014,6/25/2014,Standard Class,NW-18400,Natalie Webber,Consumer,United States,Philadelphia,Pennsylvania,19120,East,OFF-EN-10001539,Office Supplies,Envelopes,Staple envelope,24.896,4,0.2,8.4024
4413,CA-2014-130624,6/21/2014,6/24/2014,First Class,TB-21280,Toby Braunhardt,Consumer,United States,New York City,New York,10024,East,TEC-PH-10003963,Technology,Phones,GE 2-Jack Phone Line Splitter,617.97,3,0,160.6722
4022,CA-2014-154963,6/22/2014,6/27/2014,Standard Class,AA-10645,Anna Andreadi,Consumer,United States,Chester,Pennsylvania,19013,East,TEC-PH-10004093,Technology,Phones,Panasonic Kx-TS550,82.782,3,0.4,-15.1767
1098,CA-2014-159338,6/25/2014,6/28/2014,First Class,NS-18640,Noel Staavos,Corporate,United States,Los Angeles,California,90049,West,FUR-TA-10004147,Furniture,Tables,Hon 4060 Series Tables,447.84,5,0.2,11.196
818,CA-2014-140858,6/28/2014,7/2/2014,Standard Class,CA-12775,Cynthia Arntzen,Consumer,United States,Philadelphia,Pennsylvania,19140,East,OFF-PA-10000304,Office Supplies,Paper,Xerox 1995,41.472,8,0.2,14.5152
5736,CA-2014-111773,6/29/2014,7/3/2014,Standard Class,JK-15625,Jim Karlsson,Consumer,United States,New York City,New York,10024,East,OFF-BI-10000174,Office Supplies,Binders,"Wilson Jones Clip & Carry Folder Binder Tool for Ring Binders, Clear",13.92,3,0.2,4.872
5154,US-2014-121566,6/30/2014,7/6/2014,Standard Class,CS-11860,Cari Schnelling,Consumer,United States,New York City,New York,10011,East,OFF-AR-10001026,Office Supplies,Art,"Sanford Uni-Blazer View Highlighters, Chisel Tip, Yellow",6.6,3,0,2.904
6733,CA-2014-120096,7/4/2014,7/7/2014,First Class,KE-16420,Katrina Edelman,Corporate,United States,Aurora,Colorado,80013,West,OFF-PA-10001977,Office Supplies,Paper,Xerox 194,177.536,4,0.2,62.1376
1356,US-2014-160444,7/5/2014,7/5/2014,Same Day,DC-12850,Dan Campbell,Consumer,United States,Houston,Texas,77036,Central,OFF-ST-10001522,Office Supplies,Storage,"Gould Plastics 18-Pocket Panel Bin, 34w x 5-1/4d x 20-1/2h",220.776,3,0.2,-44.1552
1550,CA-2014-134278,7/6/2014,7/8/2014,First Class,EP-13915,Emily Phan,Consumer,United States,New York City,New York,10011,East,TEC-CO-10001046,Technology,Copiers,Canon Imageclass D680 Copier / Fax,559.992,1,0.2,174.9975
3367,CA-2014-165379,7/9/2014,7/15/2014,Standard Class,BM-11650,Brian Moss,Corporate,United States,Dallas,Texas,75217,Central,OFF-PA-10003072,Office Supplies,Paper,"Eureka Recycled Copy Paper 8 1/2"" x 11"", Ream",10.368,2,0.2,3.6288
9245,CA-2014-113271,7/9/2014,7/14/2014,Standard Class,DS-13030,Darrin Sayre,Home Office,United States,San Francisco,California,94122,West,OFF-AR-10003251,Office Supplies,Art,Prang Drawing Pencil Set,5.56,2,0,2.224
5801,CA-2014-123225,7/11/2014,7/14/2014,First Class,MN-17935,Michael Nguyen,Consumer,United States,El Paso,Texas,79907,Central,TEC-PH-10000895,Technology,Phones,Polycom VVX 310 VoIP phone,575.968,4,0.2,43.1976
1221,CA-2014-110184,7/12/2014,7/16/2014,Standard Class,BF-11170,Ben Ferrer,Home Office,United States,Los Angeles,California,90036,West,OFF-ST-10000107,Office Supplies,Storage,Fellowes Super Stor/Drawer,249.75,9,0,44.955
8315,CA-2014-161508,7/12/2014,7/16/2014,Standard Class,PV-18985,Paul Van Hugh,Home Office,United States,League City,Texas,77573,Central,OFF-FA-10001561,Office Supplies,Fasteners,Stockwell Push Pins,3.488,2,0.2,0.5668
6932,CA-2014-164182,7/14/2014,7/18/2014,Standard Class,ST-20530,Shui Tom,Consumer,United States,Philadelphia,Pennsylvania,19140,East,TEC-PH-10002070,Technology,Phones,Griffin GC36547 PowerJolt SE Lightning Charger,13.494,1,0.4,-2.249
3271,CA-2014-115980,7/15/2014,7/19/2014,Standard Class,VW-21775,Victoria Wilson,Corporate,United States,Sioux Falls,South Dakota,57103,Central,OFF-FA-10000304,Office Supplies,Fasteners,Advantus Push Pins,6.54,3,0,2.6814
5589,CA-2014-168158,7/19/2014,7/24/2014,Standard Class,EM-14140,Eugene Moren,Home Office,United States,Great Falls,Montana,59405,West,OFF-BI-10001759,Office Supplies,Binders,"Acco Pressboard Covers with Storage Hooks, 14 7/8"" x 11"", Dark Blue",6.096,2,0.2,2.2098
5970,CA-2014-141726,7/20/2014,7/22/2014,First Class,CC-12145,Charles Crestani,Consumer,United States,San Diego,California,92105,West,OFF-BI-10001982,Office Supplies,Binders,Wilson Jones Custom Binder Spines & Labels,8.704,2,0.2,3.1552
8132,CA-2014-127866,7/20/2014,7/23/2014,First Class,JD-15895,Jonathan Doherty,Corporate,United States,Riverside,California,92503,West,OFF-AR-10003481,Office Supplies,Art,Newell 348,13.12,4,0,3.8048
8024,CA-2014-129189,7/21/2014,7/25/2014,Standard Class,HM-14860,Harry Marie,Corporate,United States,Dallas,Texas,75217,Central,FUR-CH-10004997,Furniture,Chairs,Hon Every-Day Series Multi-Task Chairs,657.93,5,0.3,-93.99
7169,CA-2014-117464,7/22/2014,7/24/2014,Second Class,NP-18325,Naresj Patel,Consumer,United States,San Francisco,California,94122,West,OFF-ST-10003058,Office Supplies,Storage,Eldon Mobile Mega Data Cart  Mega Stackable  Add-On Trays,236.5,10,0,68.585
376,US-2014-119137,7/23/2014,7/27/2014,Standard Class,AG-10900,Arthur Gainer,Consumer,United States,Tucson,Arizona,85705,West,TEC-AC-10002076,Technology,Accessories,Microsoft Natural Keyboard Elite,479.04,10,0.2,-29.94
2506,CA-2014-143917,7/25/2014,7/27/2014,Second Class,KL-16645,Ken Lonsdale,Consumer,United States,San Francisco,California,94122,West,OFF-SU-10000151,Office Supplies,Supplies,High Speed Automatic Electric Letter Opener,8187.65,5,0,327.506
3840,CA-2014-126760,7/26/2014,8/2/2014,Standard Class,KM-16720,Kunst Miller,Consumer,United States,North Las Vegas,Nevada,89031,West,FUR-FU-10004018,Furniture,Furnishings,Tensor Computer Mounted Lamp,134.01,9,0,36.1827
9776,CA-2014-169019,7/26/2014,7/30/2014,Standard Class,LF-17185,Luke Foster,Consumer,United States,San Antonio,Texas,78207,Central,FUR-FU-10004666,Furniture,Furnishings,DAX Clear Channel Poster Frame,17.496,3,0.6,-10.0602
8888,CA-2014-169642,7/27/2014,7/30/2014,Second Class,BB-10990,Barry Blumstein,Corporate,United States,Los Angeles,California,90036,West,OFF-ST-10002574,Office Supplies,Storage,"SAFCO Commercial Wire Shelving, Black",276.28,2,0,0
1840,CA-2014-117345,8/1/2014,8/5/2014,Standard Class,BF-10975,Barbara Fisher,Corporate,United States,Charlotte,North Carolina,28205,South,OFF-AP-10001005,Office Supplies,Appliances,Honeywell Quietcare HEPA Air Cleaner,62.92,1,0.2,10.2245
202,CA-2014-133690,8/3/2014,8/5/2014,First Class,BS-11755,Bruce Stewart,Consumer,United States,Denver,Colorado,80219,West,FUR-TA-10004289,Furniture,Tables,BoxOffice By Design Rectangular and Half-Moon Meeting Room Tables,218.75,2,0.5,-161.875
1377,CA-2014-126361,8/4/2014,8/9/2014,Second Class,VD-21670,Valerie Dominguez,Consumer,United States,Pleasant Grove,Utah,84062,West,OFF-PA-10000806,Office Supplies,Paper,Xerox 1934,447.84,8,0,219.4416
9159,CA-2014-134215,8/4/2014,8/8/2014,Standard Class,ML-17395,Marina Lichtenstein,Corporate,United States,Bangor,Maine,4401,East,TEC-AC-10002473,Technology,Accessories,Maxell 4.7GB DVD-R,255.42,9,0,104.7222
5865,US-2014-117968,8/5/2014,8/7/2014,Second Class,RS-19420,Ricardo Sperren,Corporate,United States,Meriden,Connecticut,6450,East,OFF-AP-10002765,Office Supplies,Appliances,Fellowes Advanced Computer Series Surge Protectors,79.47,3,0,22.2516
8544,CA-2014-137575,8/6/2014,8/11/2014,Standard Class,TB-21625,Trudy Brown,Consumer,United States,New York City,New York,10035,East,TEC-AC-10004571,Technology,Accessories,Logitech G700s Rechargeable Gaming Mouse,199.98,2,0,83.9916
2751,CA-2014-154669,8/8/2014,8/11/2014,Second Class,TM-21010,Tamara Manning,Consumer,United States,Vacaville,California,95687,West,OFF-ST-10000532,Office Supplies,Storage,Advantus Rolling Drawer Organizers,423.28,11,0,110.0528
315,CA-2014-167850,8/9/2014,8/16/2014,Standard Class,AG-10525,Andy Gerbode,Corporate,United States,Saint Petersburg,Florida,33710,South,TEC-PH-10002398,Technology,Phones,AT&T 1070 Corded Phone,178.384,2,0.2,22.298
7433,CA-2014-161249,8/9/2014,8/13/2014,Standard Class,RD-19720,Roger Demir,Consumer,United States,Phoenix,Arizona,85023,West,OFF-FA-10004838,Office Supplies,Fasteners,"Super Bands, 12/Pack",4.464,3,0.2,-0.9486
8244,CA-2014-109897,8/12/2014,8/16/2014,Standard Class,BW-11200,Ben Wallace,Consumer,United States,San Francisco,California,94122,West,TEC-PH-10003691,Technology,Phones,BlackBerry Q10,806.336,8,0.2,50.396
8292,CA-2014-156244,8/12/2014,8/16/2014,Standard Class,DH-13675,Duane Huffman,Home Office,United States,Miami,Florida,33180,South,OFF-LA-10000443,Office Supplies,Labels,Avery 501,2.952,1,0.2,0.9963
9823,US-2014-164406,8/15/2014,8/19/2014,Standard Class,BD-11605,Brian Dahlen,Consumer,United States,San Francisco,California,94122,West,OFF-AP-10003287,Office Supplies,Appliances,Tripp Lite TLP810NET Broadband Surge for Modem/Fax,152.91,3,0,42.8148
2531,CA-2014-111500,8/17/2014,8/21/2014,Standard Class,DJ-13510,Don Jones,Corporate,United States,Little Rock,Arkansas,72209,South,OFF-PA-10000595,Office Supplies,Paper,Xerox 1929,114.2,5,0,52.532
4089,US-2014-156559,8/19/2014,8/26/2014,Standard Class,LH-16900,Lena Hernandez,Consumer,United States,Jonesboro,Arkansas,72401,South,FUR-BO-10000711,Furniture,Bookcases,"Hon Metal Bookcases, Gray",638.82,9,0,172.4814
9735,CA-2014-114321,8/20/2014,8/25/2014,Standard Class,NC-18535,Nick Crebassa,Corporate,United States,Hampton,Virginia,23666,South,OFF-BI-10001359,Office Supplies,Binders,GBC DocuBind TL300 Electric Binding System,896.99,1,0,421.5853
7020,CA-2014-124737,8/23/2014,8/27/2014,Standard Class,AP-10915,Arthur Prichep,Consumer,United States,Denver,Colorado,80219,West,OFF-PA-10001837,Office Supplies,Paper,Xerox 1976,15.552,3,0.2,5.4432
3028,CA-2014-106719,8/24/2014,8/24/2014,Same Day,RB-19645,Robert Barroso,Corporate,United States,Billings,Montana,59102,West,OFF-BI-10002799,Office Supplies,Binders,"SlimView Poly Binder, 3/8""",8.288,2,0.2,2.6936
117,CA-2014-115259,8/25/2014,8/27/2014,Second Class,RC-19960,Ryan Crowe,Consumer,United States,Columbus,Ohio,43229,East,OFF-EN-10002504,Office Supplies,Envelopes,"Tyvek  Top-Opening Peel & Seel Envelopes, Plain White",130.464,6,0.2,44.0316
8460,CA-2014-126200,8/25/2014,8/29/2014,Standard Class,JE-15715,Joe Elijah,Consumer,United States,Houston,Texas,77070,Central,OFF-BI-10002225,Office Supplies,Binders,"Square Ring Data Binders, Rigid 75 Pt. Covers, 11"" x 14-7/8""",12.384,3,0.8,-19.8144
5336,CA-2014-103331,8/26/2014,9/1/2014,Standard Class,KB-16315,Karl Braun,Consumer,United States,Newark,Delaware,19711,East,OFF-PA-10002659,Office Supplies,Paper,Avoid Verbal Orders Carbonless Minifold Book,3.38,1,0,1.5548
3484,CA-2014-124688,8/27/2014,8/29/2014,First Class,CC-12610,Corey Catlett,Corporate,United States,Springfield,Virginia,22153,South,FUR-FU-10002456,Furniture,Furnishings,"Master Caster Door Stop, Large Neon Orange",29.12,4,0,12.5216
1900,CA-2014-169775,8/29/2014,9/2/2014,Second Class,RA-19945,Ryan Akin,Consumer,United States,Miami,Florida,33178,South,FUR-TA-10001857,Furniture,Tables,Balt Solid Wood Rectangular Table,174.0585,3,0.45,-110.7645
8242,CA-2014-109855,9/1/2014,9/5/2014,Standard Class,LH-16900,Lena Hernandez,Consumer,United States,New York City,New York,10009,East,OFF-BI-10004716,Office Supplies,Binders,Wilson Jones Hanging Recycled Pressboard Data Binders,23.744,2,0.2,8.3104
5029,CA-2014-151792,9/2/2014,9/7/2014,Second Class,CV-12295,Christina VanderZanden,Consumer,United States,Chicago,Illinois,60653,Central,TEC-AC-10001606,Technology,Accessories,Logitech Wireless Performance Mouse MX for PC and Mac,239.976,3,0.2,53.9946
5430,CA-2014-136861,9/5/2014,9/7/2014,First Class,PR-18880,Patrick Ryan,Consumer,United States,Saint Petersburg,Florida,33710,South,FUR-FU-10001967,Furniture,Furnishings,Telescoping Adjustable Floor Lamp,31.984,2,0.2,1.999
2646,CA-2014-131002,9/7/2014,9/12/2014,Second Class,TB-21400,Tom Boeckenhauer,Consumer,United States,Tulsa,Oklahoma,74133,Central,FUR-FU-10004270,Furniture,Furnishings,"Executive Impressions 13"" Clairmont Wall Clock",57.69,3,0,23.6529
5262,CA-2014-105165,9/7/2014,9/10/2014,First Class,SZ-20035,Sam Zeldin,Home Office,United States,Houston,Texas,77036,Central,OFF-BI-10000050,Office Supplies,Binders,"Angle-D Binders with Locking Rings, Label Holders",2.92,2,0.8,-4.818
5982,CA-2014-117765,9/7/2014,9/13/2014,Standard Class,RB-19465,Rick Bensley,Home Office,United States,Tulsa,Oklahoma,74133,Central,OFF-ST-10003327,Office Supplies,Storage,Akro-Mils 12-Gallon Tote,19.86,2,0,5.7594
165,CA-2014-139892,9/8/2014,9/12/2014,Standard Class,BM-11140,Becky Martin,Consumer,United States,San Antonio,Texas,78207,Central,OFF-AR-10004441,Office Supplies,Art,BIC Brite Liner Highlighters,9.936,3,0.2,2.7324
739,CA-2014-132500,9/8/2014,9/12/2014,Standard Class,GZ-14470,Gary Zandusky,Consumer,United States,San Francisco,California,94110,West,TEC-AC-10001383,Technology,Accessories,Logitech Wireless Touch Keyboard K400,49.98,2,0,8.4966
4134,CA-2014-128839,9/8/2014,9/13/2014,Standard Class,TT-21070,Ted Trevino,Consumer,United States,Chesapeake,Virginia,23320,South,OFF-FA-10002280,Office Supplies,Fasteners,Advantus Plastic Paper Clips,45,9,0,21.6
5290,CA-2014-146283,9/8/2014,9/15/2014,Standard Class,KT-16465,Kean Takahito,Consumer,United States,Houston,Texas,77036,Central,OFF-PA-10002259,Office Supplies,Paper,"Geographics Note Cards, Blank, White, 8 1/2"" x 11""",17.904,2,0.2,6.2664
2671,CA-2014-126403,9/9/2014,9/12/2014,Second Class,RR-19525,Rick Reed,Corporate,United States,Lowell,Massachusetts,1852,East,OFF-PA-10001144,Office Supplies,Paper,Xerox 1913,166.44,3,0,79.8912
3600,CA-2014-102869,9/9/2014,9/14/2014,Second Class,LC-17140,Logan Currie,Consumer,United States,Philadelphia,Pennsylvania,19140,East,TEC-PH-10002549,Technology,Phones,Polycom SoundPoint IP 450 VoIP phone,135.516,1,0.4,-31.6204
7526,CA-2014-125731,9/10/2014,9/16/2014,Standard Class,CL-12565,Clay Ludtke,Consumer,United States,Gresham,Oregon,97030,West,FUR-CH-10003973,Furniture,Chairs,GuestStacker Chair with Chrome Finish Legs,1487.04,5,0.2,148.704
707,CA-2014-138527,9/12/2014,9/17/2014,Standard Class,BN-11470,Brad Norvell,Corporate,United States,Cary,North Carolina,27511,South,TEC-AC-10002399,Technology,Accessories,SanDisk Cruzer 32 GB USB Flash Drive,15.216,1,0.2,2.2824
9426,CA-2014-116246,9/12/2014,9/17/2014,Second Class,LW-17215,Luke Weiss,Consumer,United States,New York City,New York,10035,East,FUR-CH-10002024,Furniture,Chairs,HON 5400 Series Task Chairs for Big and Tall,3785.292,6,0.1,420.588
6910,CA-2014-126277,9/13/2014,9/18/2014,Second Class,LH-16900,Lena Hernandez,Consumer,United States,Columbus,Ohio,43229,East,OFF-BI-10004022,Office Supplies,Binders,Acco Suede Grain Vinyl Round Ring Binder,2.502,3,0.7,-2.0016
8657,CA-2014-142769,9/13/2014,9/13/2014,Same Day,RP-19390,Resi Pölking,Consumer,United States,Seattle,Washington,98103,West,OFF-PA-10002923,Office Supplies,Paper,Xerox 1942,48.94,1,0,24.47
563,CA-2014-145576,9/14/2014,9/18/2014,Second Class,CA-12775,Cynthia Arntzen,Consumer,United States,Tampa,Florida,33614,South,FUR-FU-10004020,Furniture,Furnishings,Advantus Panel Wall Acrylic Frame,13.128,3,0.2,3.7743
5129,CA-2014-160766,9/14/2014,9/14/2014,Same Day,DM-13015,Darrin Martin,Consumer,United States,New York City,New York,10009,East,TEC-PH-10001536,Technology,Phones,Spigen Samsung Galaxy S5 Case Wallet,16.99,1,0,4.4174
6491,CA-2014-149594,9/15/2014,9/19/2014,Standard Class,MF-18250,Monica Federle,Corporate,United States,Philadelphia,Pennsylvania,19120,East,FUR-FU-10000222,Furniture,Furnishings,"Seth Thomas 16"" Steel Case Clock",103.936,4,0.2,16.8896
3925,CA-2014-103940,9/17/2014,9/21/2014,Standard Class,BN-11515,Bradley Nguyen,Consumer,United States,Seattle,Washington,98103,West,OFF-ST-10004963,Office Supplies,Storage,Eldon Gobal File Keepers,30.28,2,0,1.2112
7600,CA-2014-131947,9/17/2014,9/22/2014,Standard Class,JA-15970,Joseph Airdo,Consumer,United States,Springfield,Oregon,97477,West,OFF-PA-10000246,Office Supplies,Paper,Riverleaf Stik-Withit Designer Note Cubes,40.24,5,0.2,13.078
4128,CA-2014-127299,9/19/2014,9/24/2014,Standard Class,JL-15835,John Lee,Consumer,United States,Charlotte,North Carolina,28205,South,OFF-ST-10003722,Office Supplies,Storage,Project Tote Personal File,67.344,6,0.2,7.5762
794,CA-2014-156433,9/20/2014,9/26/2014,Standard Class,ES-14020,Erica Smith,Consumer,United States,San Francisco,California,94110,West,OFF-LA-10001569,Office Supplies,Labels,Avery 499,9.96,2,0,4.5816
5239,CA-2014-166744,9/20/2014,9/24/2014,Standard Class,DN-13690,Duane Noonan,Consumer,United States,Columbia,Maryland,21044,East,TEC-AC-10003628,Technology,Accessories,Logitech 910-002974 M325 Wireless Mouse for Web Scrolling,59.98,2,0,26.3912
9397,CA-2014-125997,9/20/2014,9/23/2014,First Class,MW-18220,Mitch Webber,Consumer,United States,New York City,New York,10011,East,OFF-LA-10002762,Office Supplies,Labels,Avery 485,75.18,6,0,35.3346
2793,CA-2014-125514,9/21/2014,9/22/2014,First Class,BM-11650,Brian Moss,Corporate,United States,Omaha,Nebraska,68104,Central,OFF-PA-10000029,Office Supplies,Paper,Xerox 224,6.48,1,0,3.1104
4235,CA-2014-168823,9/21/2014,9/24/2014,First Class,MA-17560,Matt Abelman,Home Office,United States,Philadelphia,Pennsylvania,19143,East,OFF-PA-10004000,Office Supplies,Paper,"While You Were Out Pads, 50 per Pad, 4 x 5 1/4, Green Cycle",11.352,3,0.2,4.1151
8233,CA-2014-158225,9/22/2014,9/28/2014,Standard Class,SE-20110,Sanjit Engle,Consumer,United States,San Jose,California,95123,West,OFF-ST-10000675,Office Supplies,Storage,"File Shuttle II and Handi-File, Black",169.45,5,0,42.3625
3353,US-2014-134733,9/23/2014,9/28/2014,Standard Class,BM-11650,Brian Moss,Corporate,United States,San Diego,California,92037,West,TEC-PH-10002726,Technology,Phones,netTALK DUO VoIP Telephone Service,83.984,2,0.2,31.494
6945,CA-2014-148369,9/23/2014,9/27/2014,Standard Class,TH-21115,Thea Hudgings,Corporate,United States,Newark,Delaware,19711,East,OFF-BI-10004876,Office Supplies,Binders,Wilson Jones Suede Grain Vinyl Binders,11.12,4,0,5.4488
2827,US-2014-112914,9/25/2014,9/30/2014,Standard Class,MT-18070,Michelle Tran,Home Office,United States,Houston,Texas,77041,Central,OFF-BI-10002982,Office Supplies,Binders,Avery Self-Adhesive Photo Pockets for Polaroid Photos,2.724,2,0.8,-4.3584
5469,CA-2014-132451,9/26/2014,9/27/2014,First Class,KF-16285,Karen Ferguson,Home Office,United States,San Diego,California,92105,West,FUR-CH-10000454,Furniture,Chairs,"Hon Deluxe Fabric Upholstered Stacking Chairs, Rounded Back",585.552,3,0.2,73.194
9623,CA-2014-115133,9/26/2014,9/30/2014,Standard Class,DA-13450,Dianna Arnett,Home Office,United States,Lancaster,Ohio,43130,East,OFF-PA-10000174,Office Supplies,Paper,"Message Book, Wirebound, Four 5 1/2"" X 4"" Forms/Pg., 200 Dupl. Sets/Book",32.896,4,0.2,11.1024
1732,CA-2014-125136,9/28/2014,10/3/2014,Standard Class,KD-16495,Keith Dawkins,Corporate,United States,Fayetteville,North Carolina,28314,South,OFF-PA-10001804,Office Supplies,Paper,Xerox 195,10.688,2,0.2,3.7408
4052,CA-2014-122931,9/29/2014,10/3/2014,Standard Class,SM-20950,Suzanne McNair,Corporate,United States,Philadelphia,Pennsylvania,19134,East,OFF-AR-10003469,Office Supplies,Art,Nontoxic Chalk,4.224,3,0.2,1.4784
5627,CA-2014-126683,9/29/2014,10/1/2014,Second Class,PP-18955,Paul Prost,Home Office,United States,Seattle,Washington,98115,West,FUR-TA-10002958,Furniture,Tables,"Bevis Oval Conference Table, Walnut",2348.82,9,0,399.2994
1791,CA-2014-102008,9/30/2014,10/4/2014,Standard Class,RA-19915,Russell Applegate,Consumer,United States,New York City,New York,10011,East,OFF-PA-10004092,Office Supplies,Paper,Tops Green Bar Computer Printout Paper,48.94,1,0,24.47
3223,CA-2014-108189,10/2/2014,10/5/2014,First Class,ES-14080,Erin Smith,Corporate,United States,Tempe,Arizona,85281,West,OFF-PA-10001838,Office Supplies,Paper,"Adams Telephone Message Book W/Dividers/Space For Phone Numbers, 5 1/4""X8 1/2"", 300/Messages",9.408,2,0.2,3.4104
1351,CA-2014-153976,10/3/2014,10/8/2014,Second Class,BP-11290,Beth Paige,Consumer,United States,Evanston,Illinois,60201,Central,FUR-CH-10002880,Furniture,Chairs,"Global High-Back Leather Tilter, Burgundy",258.279,3,0.3,-70.1043
5602,CA-2014-108903,10/3/2014,10/3/2014,Same Day,DO-13435,Denny Ordway,Consumer,United States,Columbus,Ohio,43229,East,TEC-AC-10003023,Technology,Accessories,Logitech G105 Gaming Keyboard,142.488,3,0.2,-3.5622
2725,CA-2014-153479,10/4/2014,10/8/2014,Standard Class,DF-13135,David Flashing,Consumer,United States,Vallejo,California,94591,West,OFF-BI-10002867,Office Supplies,Binders,GBC Recycled Regency Composition Covers,95.648,2,0.2,31.0856
6356,CA-2014-110611,10/6/2014,10/13/2014,Standard Class,JD-16015,Joy Daniels,Consumer,United States,Philadelphia,Pennsylvania,19120,East,OFF-ST-10000642,Office Supplies,Storage,"Tennsco Lockers, Gray",83.92,5,0.2,-13.637
9459,CA-2014-138240,10/9/2014,10/14/2014,Standard Class,SJ-20500,Shirley Jackson,Consumer,United States,San Francisco,California,94122,West,OFF-AR-10002135,Office Supplies,Art,Boston Heavy-Duty Trimline Electric Pencil Sharpeners,144.6,3,0,41.934
7548,CA-2014-103492,10/10/2014,10/15/2014,Standard Class,CM-12715,Craig Molinari,Corporate,United States,Huntsville,Texas,77340,Central,OFF-BI-10004817,Office Supplies,Binders,GBC Personal VeloBind Strips,11.98,5,0.8,-19.168
4001,CA-2014-116834,10/11/2014,10/16/2014,Standard Class,Dp-13240,Dean percer,Home Office,United States,Seattle,Washington,98115,West,FUR-FU-10001196,Furniture,Furnishings,DAX Cubicle Frames - 8x10,63.47,11,0,19.041
82,CA-2014-139451,10/12/2014,10/16/2014,Standard Class,DN-13690,Duane Noonan,Consumer,United States,San Francisco,California,94122,West,OFF-AR-10002053,Office Supplies,Art,"Premium Writing Pencils, Soft, #2 by Central Association for the Blind",14.9,5,0,4.172
5592,CA-2014-164742,10/13/2014,10/18/2014,Second Class,ML-17395,Marina Lichtenstein,Corporate,United States,Lakewood,New Jersey,8701,East,FUR-CH-10002880,Furniture,Chairs,"Global High-Back Leather Tilter, Burgundy",245.98,2,0,27.0578
4906,US-2014-146353,10/14/2014,10/16/2014,Second Class,JE-15610,Jim Epp,Corporate,United States,Concord,New Hampshire,3301,East,OFF-BI-10003476,Office Supplies,Binders,Avery Metallic Poly Binders,22.92,4,0,11.0016
9634,CA-2014-151330,10/14/2014,10/17/2014,First Class,TC-21295,Toby Carlisle,Consumer,United States,Everett,Massachusetts,2149,East,TEC-AC-10000865,Technology,Accessories,WD My Passport Ultra 500GB Portable External Hard Drive,177,3,0,30.09
5887,US-2014-109456,10/16/2014,10/17/2014,Same Day,LS-17245,Lynn Smith,Consumer,United States,San Francisco,California,94110,West,TEC-AC-10003610,Technology,Accessories,Logitech Illuminated - Keyboard,179.97,3,0,86.3856
5110,CA-2014-138450,10/18/2014,10/22/2014,Standard Class,EH-13765,Edward Hooks,Corporate,United States,Philadelphia,Pennsylvania,19134,East,OFF-EN-10001335,Office Supplies,Envelopes,"White Business Envelopes with Contemporary Seam, Recycled White Business Envelopes",52.512,6,0.2,19.692
9338,CA-2014-155264,10/19/2014,10/22/2014,Second Class,RP-19270,Rachel Payne,Corporate,United States,San Francisco,California,94110,West,OFF-BI-10003196,Office Supplies,Binders,Accohide Poly Flexible Ring Binders,2.992,1,0.2,1.122
6537,CA-2014-169684,10/20/2014,10/23/2014,First Class,FH-14365,Fred Hopkins,Corporate,United States,Knoxville,Tennessee,37918,South,FUR-TA-10003008,Furniture,Tables,"Lesro Round Back Collection Coffee Table, End Table",328.59,3,0.4,-147.8655
1889,CA-2014-142587,10/21/2014,10/22/2014,First Class,TB-21520,Tracy Blumstein,Consumer,United States,Fairfield,Ohio,45014,East,OFF-AP-10004708,Office Supplies,Appliances,Fellowes Superior 10 Outlet Split Surge Protector,121.792,4,0.2,13.7016
7665,CA-2014-151967,10/22/2014,10/26/2014,Standard Class,NB-18580,Nicole Brennan,Corporate,United States,Bossier City,Louisiana,71111,South,FUR-FU-10000193,Furniture,Furnishings,Tenex Chairmats For Use with Hard Floors,129.92,4,0,10.3936
4305,CA-2014-162278,10/26/2014,10/30/2014,Second Class,AH-10585,Angele Hood,Consumer,United States,Seattle,Washington,98105,West,FUR-FU-10000448,Furniture,Furnishings,Tenex Chairmats For Use With Carpeted Floors,63.92,4,0,3.196
3846,CA-2014-101931,10/28/2014,10/31/2014,First Class,TS-21370,Todd Sumrall,Corporate,United States,Los Angeles,California,90049,West,FUR-BO-10001337,Furniture,Bookcases,O'Sullivan Living Dimensions 2-Shelf Bookcases,616.998,6,0.15,-36.294
2061,CA-2014-106439,10/31/2014,11/4/2014,Standard Class,GG-14650,Greg Guthrie,Corporate,United States,Los Angeles,California,90049,West,OFF-ST-10003996,Office Supplies,Storage,"Letter/Legal File Tote with Clear Snap-On Lid, Black Granite",80.3,5,0,20.878
2068,CA-2014-106439,10/31/2014,11/4/2014,Standard Class,GG-14650,Greg Guthrie,Corporate,United States,Los Angeles,California,90049,West,OFF-AR-10001419,Office Supplies,Art,Newell 325,12.39,3,0,3.717
4210,CA-2014-145387,10/31/2014,11/2/2014,Second Class,AM-10705,Anne McFarland,Consumer,United States,Cranston,Rhode Island,2920,East,FUR-TA-10003238,Furniture,Tables,"Chromcraft Bull-Nose Wood 48"" x 96"" Rectangular Conference Tables",385.686,1,0.3,-60.6078
2833,CA-2014-148915,11/1/2014,11/5/2014,Standard Class,ND-18370,Natalie DeCherney,Consumer,United States,Portland,Oregon,97206,West,TEC-PH-10000673,Technology,Phones,Plantronics Voyager Pro HD - Bluetooth Headset,155.976,3,0.2,54.5916
4829,CA-2014-152562,11/1/2014,11/8/2014,Standard Class,JO-15145,Jack O'Briant,Corporate,United States,Richmond,Kentucky,40475,South,OFF-AR-10001919,Office Supplies,Art,"OIC #2 Pencils, Medium Soft",5.64,3,0,1.6356
9869,CA-2014-114195,11/1/2014,11/3/2014,First Class,EA-14035,Erin Ashbrook,Corporate,United States,Mason,Ohio,45040,East,FUR-FU-10002253,Furniture,Furnishings,"Howard Miller 13"" Diameter Pewter Finish Round Wall Clock",68.704,2,0.2,16.3172
6503,CA-2014-129147,11/2/2014,11/6/2014,Standard Class,LC-17050,Liz Carlisle,Consumer,United States,Medina,Ohio,44256,East,TEC-PH-10001552,Technology,Phones,I Need's 3d Hello Kitty Hybrid Silicone Case Cover for HTC One X 4g with 3d Hello Kitty Stylus Pen Green/pink,50.232,7,0.4,-10.0464
3991,CA-2014-137589,11/3/2014,11/8/2014,Standard Class,MS-17770,Maxwell Schwartz,Consumer,United States,Lancaster,Pennsylvania,17602,East,OFF-SU-10000157,Office Supplies,Supplies,Compact Automatic Electric Letter Opener,286.344,3,0.2,-64.4274
6430,CA-2014-165764,11/3/2014,11/7/2014,Standard Class,SH-20395,Shahid Hopkins,Consumer,United States,Jacksonville,North Carolina,28540,South,OFF-ST-10001558,Office Supplies,Storage,Acco Perma 4000 Stacking Storage Drawers,25.984,2,0.2,-1.624
318,CA-2014-164973,11/4/2014,11/9/2014,Standard Class,NM-18445,Nathan Mautz,Home Office,United States,New York City,New York,10024,East,FUR-CH-10002602,Furniture,Chairs,DMI Arturo Collection Mission-style Design Wood Chair,135.882,1,0.1,24.1568
2743,CA-2014-149244,11/4/2014,11/8/2014,Standard Class,MS-17530,MaryBeth Skach,Consumer,United States,San Diego,California,92037,West,FUR-FU-10004671,Furniture,Furnishings,"Executive Impressions 12"" Wall Clock",35.34,2,0,13.4292
5654,US-2014-134187,11/4/2014,11/11/2014,Standard Class,TH-21235,Tiffany House,Corporate,United States,Long Beach,California,90805,West,OFF-AR-10000940,Office Supplies,Art,Newell 343,2.94,1,0,0.7938
9715,CA-2014-114251,11/5/2014,11/10/2014,Standard Class,MD-17350,Maribeth Dona,Consumer,United States,Philadelphia,Pennsylvania,19143,East,TEC-AC-10004864,Technology,Accessories,Memorex Micro Travel Drive 32 GB,58.416,2,0.2,16.7946
4782,CA-2014-159310,11/7/2014,11/12/2014,Standard Class,SC-20725,Steven Cartwright,Consumer,United States,Houston,Texas,77070,Central,OFF-BI-10000201,Office Supplies,Binders,"Avery Triangle Shaped Sheet Lifters, Black, 2/Pack",1.476,3,0.8,-2.214
6982,CA-2014-146990,11/7/2014,11/8/2014,First Class,BP-11095,Bart Pistole,Corporate,United States,New York City,New York,10024,East,OFF-PA-10000246,Office Supplies,Paper,Riverleaf Stik-Withit Designer Note Cubes,30.18,3,0,13.8828
475,CA-2014-144666,11/9/2014,11/11/2014,Second Class,JP-15520,Jeremy Pistek,Consumer,United States,San Francisco,California,94110,West,OFF-ST-10001321,Office Supplies,Storage,"Decoflex Hanging Personal Folder File, Blue",92.52,6,0,24.9804
3206,CA-2014-158372,11/10/2014,11/16/2014,Standard Class,RD-19900,Ruben Dartt,Consumer,United States,San Diego,California,92037,West,OFF-PA-10002137,Office Supplies,Paper,"Southworth 100% Résumé Paper, 24lb.",62.24,8,0,28.008
5169,CA-2014-121006,11/10/2014,11/16/2014,Standard Class,SC-20020,Sam Craven,Consumer,United States,Midland,Michigan,48640,Central,OFF-ST-10004950,Office Supplies,Storage,Acco Perma 3000 Stacking Storage Drawers,62.94,3,0,11.9586
3326,CA-2014-165309,11/11/2014,11/15/2014,Standard Class,KD-16270,Karen Daniels,Consumer,United States,Houston,Texas,77095,Central,OFF-BI-10001267,Office Supplies,Binders,"Universal Recycled Hanging Pressboard Report Binders, Letter Size",1.234,1,0.8,-1.9744
5780,CA-2014-105270,11/11/2014,11/18/2014,Standard Class,AP-10915,Arthur Prichep,Consumer,United States,Los Angeles,California,90008,West,FUR-CH-10000988,Furniture,Chairs,Hon Olson Stacker Stools,112.648,1,0.2,11.2648
9615,CA-2014-128524,11/11/2014,11/13/2014,First Class,MZ-17515,Mary Zewe,Corporate,United States,Seattle,Washington,98115,West,TEC-AC-10002718,Technology,Accessories,Belkin Standard 104 key USB Keyboard,102.13,7,0,15.3195
1863,CA-2014-151078,11/12/2014,11/12/2014,Same Day,RF-19840,Roy Französisch,Consumer,United States,San Antonio,Texas,78207,Central,OFF-ST-10001328,Office Supplies,Storage,"Personal Filing Tote with Lid, Black/Gray",49.632,4,0.2,4.9632
5554,US-2014-159618,11/12/2014,11/16/2014,Standard Class,DB-12970,Darren Budd,Corporate,United States,Houston,Texas,77036,Central,OFF-PA-10004100,Office Supplies,Paper,Xerox 216,36.288,7,0.2,12.7008
2302,CA-2014-162362,11/14/2014,11/18/2014,Standard Class,JL-15505,Jeremy Lonsdale,Consumer,United States,Midland,Michigan,48640,Central,OFF-BI-10000546,Office Supplies,Binders,Avery Durable Binders,11.52,4,0,5.6448
2011,CA-2014-116407,11/15/2014,11/21/2014,Standard Class,JF-15190,Jamie Frazer,Consumer,United States,Johnson City,Tennessee,37604,South,OFF-PA-10002137,Office Supplies,Paper,"Southworth 100% Résumé Paper, 24lb.",24.896,4,0.2,7.78
4445,US-2014-147704,11/16/2014,11/21/2014,Standard Class,SR-20740,Steven Roelle,Home Office,United States,Bloomington,Indiana,47401,Central,OFF-EN-10004483,Office Supplies,Envelopes,"#10 White Business Envelopes,4 1/8 x 9 1/2",78.35,5,0,36.8245
8710,CA-2014-119144,11/16/2014,11/18/2014,First Class,JD-16150,Justin Deggeller,Corporate,United States,Los Angeles,California,90008,West,FUR-BO-10004015,Furniture,Bookcases,"Bush Andora Bookcase, Maple/Graphite Gray Finish",305.9745,3,0.15,25.1979
3263,CA-2014-140662,11/17/2014,11/19/2014,First Class,TS-21205,Thomas Seio,Corporate,United States,San Francisco,California,94109,West,OFF-PA-10003395,Office Supplies,Paper,Xerox 1941,733.95,7,0,352.296
9461,CA-2014-101833,11/17/2014,11/22/2014,Second Class,FG-14260,Frank Gastineau,Home Office,United States,New York City,New York,10024,East,OFF-PA-10003591,Office Supplies,Paper,Southworth 100% Cotton The Best Paper,34.44,3,0,17.22
3304,US-2014-159926,11/18/2014,11/22/2014,Standard Class,CS-11950,Carlos Soltero,Consumer,United States,Philadelphia,Pennsylvania,19140,East,OFF-BI-10004656,Office Supplies,Binders,Peel & Stick Add-On Corner Pockets,1.944,3,0.7,-1.4256
7301,CA-2014-163468,11/18/2014,11/21/2014,First Class,JK-15730,Joe Kamberova,Consumer,United States,Des Plaines,Illinois,60016,Central,FUR-BO-10003546,Furniture,Bookcases,Hon 4-Shelf Metal Bookcases,424.116,6,0.3,-30.294
183,CA-2014-158274,11/19/2014,11/24/2014,Second Class,RM-19675,Robert Marley,Home Office,United States,Monroe,Louisiana,71203,South,TEC-PH-10003273,Technology,Phones,AT&T TR1909W,503.96,4,0,131.0296
5395,US-2014-123183,11/19/2014,11/25/2014,Standard Class,GR-14560,Georgia Rosenberg,Corporate,United States,Wilmington,Delaware,19805,East,FUR-BO-10000362,Furniture,Bookcases,Sauder Inglewood Library Bookcases,1025.88,6,0,235.9524
7552,CA-2014-140396,11/20/2014,11/25/2014,Standard Class,KH-16330,Katharine Harms,Corporate,United States,New York City,New York,10024,East,TEC-PH-10004447,Technology,Phones,Toshiba IPT2010-SD IP Telephone,833.94,6,0,216.8244
4499,CA-2014-103401,11/21/2014,11/26/2014,Standard Class,GR-14560,Georgia Rosenberg,Corporate,United States,San Francisco,California,94110,West,OFF-PA-10003309,Office Supplies,Paper,Xerox 211,12.96,2,0,6.2208
2577,CA-2014-129091,11/22/2014,11/27/2014,Standard Class,RA-19885,Ruben Ausman,Corporate,United States,Columbus,Georgia,31907,South,OFF-EN-10001990,Office Supplies,Envelopes,Staple envelope,11.36,2,0,5.3392
1572,US-2014-157385,11/23/2014,11/25/2014,First Class,SC-20095,Sanjit Chand,Consumer,United States,Los Angeles,California,90004,West,OFF-EN-10003160,Office Supplies,Envelopes,Pastel Pink Envelopes,21.84,3,0,10.4832
4809,CA-2014-149055,11/23/2014,11/28/2014,Standard Class,PB-19210,Phillip Breyer,Corporate,United States,Philadelphia,Pennsylvania,19134,East,OFF-EN-10003040,Office Supplies,Envelopes,Quality Park Security Envelopes,62.808,3,0.2,21.1977
1186,CA-2014-127131,11/24/2014,11/30/2014,Standard Class,HR-14830,Harold Ryan,Corporate,United States,Seattle,Washington,98103,West,OFF-ST-10002344,Office Supplies,Storage,"Carina 42""Hx23 3/4""W Media Storage Unit",485.88,6,0,9.7176
4058,CA-2014-163034,11/24/2014,11/28/2014,Standard Class,DK-12985,Darren Koutras,Consumer,United States,Chicago,Illinois,60610,Central,OFF-ST-10000046,Office Supplies,Storage,Fellowes Super Stor/Drawer Files,646.2,5,0.2,-8.0775
7143,CA-2014-122217,11/24/2014,11/29/2014,Standard Class,HP-14815,Harold Pawlan,Home Office,United States,Virginia Beach,Virginia,23464,South,FUR-FU-10002045,Furniture,Furnishings,"Executive Impressions 14""",111.15,5,0,48.906
2610,CA-2014-127446,11/25/2014,11/30/2014,Standard Class,MC-17590,Matt Collister,Corporate,United States,Arlington,Texas,76017,Central,FUR-TA-10000577,Furniture,Tables,Bretford CR4500 Series Slim Rectangular Table,1218.735,5,0.3,-121.8735
6362,US-2014-107993,11/25/2014,11/30/2014,Standard Class,SE-20110,Sanjit Engle,Consumer,United States,Springfield,Oregon,97477,West,OFF-AR-10003179,Office Supplies,Art,Dixon Ticonderoga Core-Lock Colored Pencils,51.016,7,0.2,8.2901
1638,CA-2014-168984,11/26/2014,12/2/2014,Standard Class,NW-18400,Natalie Webber,Consumer,United States,Tigard,Oregon,97224,West,TEC-PH-10000038,Technology,Phones,Jawbone MINI JAMBOX Wireless Bluetooth Speaker,438.336,4,0.2,-87.6672
8599,CA-2014-141110,11/26/2014,12/1/2014,Standard Class,LS-17200,Luke Schmidt,Corporate,United States,Fresno,California,93727,West,OFF-BI-10002012,Office Supplies,Binders,Wilson Jones Easy Flow II Sheet Lifters,4.32,3,0.2,1.512
3952,CA-2014-121167,11/28/2014,11/30/2014,Second Class,MO-17500,Mary O'Rourke,Consumer,United States,Freeport,New York,11520,East,OFF-BI-10003676,Office Supplies,Binders,"GBC Standard Recycled Report Covers, Clear Plastic Sheets",17.248,2,0.2,6.0368
5495,CA-2014-105249,11/28/2014,11/28/2014,Same Day,DH-13675,Duane Huffman,Home Office,United States,San Francisco,California,94122,West,FUR-BO-10000330,Furniture,Bookcases,"Sauder Camden County Barrister Bookcase, Planked Cherry Finish",411.332,4,0.15,-4.8392
4416,CA-2014-153983,11/29/2014,12/6/2014,Standard Class,AH-10210,Alan Hwang,Consumer,United States,San Francisco,California,94122,West,TEC-PH-10004586,Technology,Phones,Wilson SignalBoost 841262 DB PRO Amplifier Kit,575.92,2,0.2,71.99
1792,CA-2014-120474,12/1/2014,12/3/2014,First Class,RP-19390,Resi Pölking,Consumer,United States,Madison,Wisconsin,53711,Central,FUR-CH-10001854,Furniture,Chairs,Office Star - Professional Matrix Back Chair with 2-to-1 Synchro Tilt and Mesh Fabric Seat,2807.84,8,0,673.8816
4495,CA-2014-150798,12/1/2014,12/3/2014,Second Class,JK-15730,Joe Kamberova,Consumer,United States,Columbus,Ohio,43229,East,FUR-CH-10000015,Furniture,Chairs,Hon Multipurpose Stacking Arm Chairs,909.72,6,0.3,-51.984
710,CA-2014-112158,12/2/2014,12/4/2014,First Class,DP-13165,David Philippe,Consumer,United States,New York City,New York,10035,East,OFF-BI-10000050,Office Supplies,Binders,"Angle-D Binders with Locking Rings, Label Holders",46.72,8,0.2,15.768
6601,CA-2014-154095,12/2/2014,12/7/2014,Standard Class,ON-18715,Odella Nelson,Corporate,United States,Clinton,Maryland,20735,East,OFF-PA-10002923,Office Supplies,Paper,Xerox 1942,146.82,3,0,73.41
2716,CA-2014-127187,12/4/2014,12/8/2014,Standard Class,CP-12085,Cathy Prescott,Corporate,United States,New York City,New York,10024,East,TEC-PH-10000673,Technology,Phones,Plantronics Voyager Pro HD - Bluetooth Headset,129.98,2,0,62.3904
5379,CA-2014-125542,12/5/2014,12/7/2014,First Class,NB-18655,Nona Balk,Corporate,United States,Philadelphia,Pennsylvania,19134,East,OFF-ST-10001469,Office Supplies,Storage,Fellowes Bankers Box Recycled Super Stor/Drawer,172.736,4,0.2,-30.2288
7570,CA-2014-133830,12/5/2014,12/10/2014,Standard Class,RL-19615,Rob Lucas,Consumer,United States,Los Angeles,California,90045,West,OFF-PA-10001363,Office Supplies,Paper,Xerox 1933,49.12,4,0,23.0864
5095,US-2014-140452,12/6/2014,12/10/2014,Standard Class,BK-11260,Berenike Kampe,Consumer,United States,Chicago,Illinois,60610,Central,FUR-TA-10004086,Furniture,Tables,KI Adjustable-Height Table,214.95,5,0.5,-120.372
5279,CA-2014-159681,12/7/2014,12/13/2014,Standard Class,PO-18850,Patrick O'Brill,Consumer,United States,Virginia Beach,Virginia,23464,South,OFF-PA-10003641,Office Supplies,Paper,Xerox 1909,105.52,4,0,48.5392
3667,CA-2014-129364,12/8/2014,12/13/2014,Standard Class,TB-21250,Tim Brockman,Consumer,United States,Salem,Oregon,97301,West,TEC-PH-10003095,Technology,Phones,Samsung HM1900 Bluetooth Headset,52.68,3,0.2,19.755
3716,CA-2014-135608,12/8/2014,12/10/2014,Second Class,JK-15625,Jim Karlsson,Consumer,United States,Olympia,Washington,98502,West,FUR-CH-10002602,Furniture,Chairs,DMI Arturo Collection Mission-style Design Wood Chair,603.92,5,0.2,45.294
7852,CA-2014-169649,12/9/2014,12/15/2014,Standard Class,TS-21205,Thomas Seio,Corporate,United States,Chicago,Illinois,60653,Central,OFF-PA-10000143,Office Supplies,Paper,Astroparche Fine Business Paper,8.448,2,0.2,2.9568
6000,US-2014-112991,12/10/2014,12/14/2014,Standard Class,SH-19975,Sally Hughsby,Corporate,United States,Caldwell,Idaho,83605,West,OFF-PA-10000019,Office Supplies,Paper,Xerox 1931,25.92,4,0,12.4416
4854,CA-2014-113320,12/12/2014,12/15/2014,Second Class,LH-17155,Logan Haushalter,Consumer,United States,Oakland,California,94601,West,FUR-FU-10004270,Furniture,Furnishings,"Eldon Image Series Desk Accessories, Burgundy",12.54,3,0,4.5144
6002,CA-2014-124079,12/13/2014,12/17/2014,Standard Class,RF-19345,Randy Ferguson,Corporate,United States,Phoenix,Arizona,85023,West,FUR-FU-10002553,Furniture,Furnishings,"Electrix Incandescent Magnifying Lamp, Black",87.96,3,0.2,7.6965
5703,US-2014-123519,12/14/2014,12/21/2014,Standard Class,SS-20875,Sung Shariari,Consumer,United States,Marion,Ohio,43302,East,OFF-AR-10003829,Office Supplies,Art,Newell 35,2.624,1,0.2,0.2952
5584,CA-2014-116673,12/15/2014,12/19/2014,Second Class,JO-15280,Jas O'Carroll,Consumer,United States,San Diego,California,92037,West,FUR-FU-10003829,Furniture,Furnishings,Stackable Trays,6.16,2,0,1.9712
3132,CA-2014-136399,12/16/2014,12/17/2014,First Class,CC-12100,Chad Cunningham,Home Office,United States,Los Angeles,California,90049,West,TEC-PH-10004977,Technology,Phones,GE 30524EE4,627.168,4,0.2,70.5564
9020,CA-2014-100706,12/16/2014,12/18/2014,Second Class,LE-16810,Laurel Elliston,Consumer,United States,Springfield,Virginia,22153,South,TEC-AC-10001314,Technology,Accessories,Case Logic 2.4GHz Wireless Keyboard,99.98,2,0,7.9984
436,US-2014-150574,12/19/2014,12/25/2014,Standard Class,MK-18160,Mike Kennedy,Consumer,United States,Jacksonville,Florida,32216,South,TEC-AC-10002600,Technology,Accessories,Belkin QODE FastFit Bluetooth Keyboard,247.8,5,0.2,-18.585
8796,CA-2014-162992,12/19/2014,12/21/2014,First Class,BP-11095,Bart Pistole,Corporate,United States,Los Angeles,California,90008,West,TEC-PH-10002085,Technology,Phones,Clarity 53712,211.168,4,0.2,15.8376
1158,CA-2014-136567,12/20/2014,12/21/2014,First Class,PS-19045,Penelope Sewall,Home Office,United States,Harrisonburg,Virginia,22801,South,FUR-TA-10000617,Furniture,Tables,"Hon Practical Foundations 30 x 60 Training Table, Light Gray/Charcoal",455.1,2,0,100.122
3645,CA-2014-156594,12/20/2014,12/23/2014,Second Class,MC-17845,Michael Chen,Consumer,United States,Los Angeles,California,90008,West,OFF-AR-10004269,Office Supplies,Art,Newell 31,4.13,1,0,1.1564
4691,CA-2014-138681,12/20/2014,12/22/2014,First Class,CT-11995,Carol Triggs,Consumer,United States,Tucson,Arizona,85705,West,TEC-AC-10003628,Technology,Accessories,Logitech 910-002974 M325 Wireless Mouse for Web Scrolling,71.976,3,0.2,21.5928
5639,CA-2014-154893,12/21/2014,12/27/2014,Standard Class,GM-14440,Gary McGarr,Consumer,United States,San Diego,California,92024,West,FUR-CH-10004287,Furniture,Chairs,SAFCO Arco Folding Chair,1325.76,6,0.2,149.148
6916,CA-2014-142510,12/22/2014,12/29/2014,Standard Class,NP-18700,Nora Preis,Consumer,United States,Chicago,Illinois,60623,Central,OFF-BI-10002824,Office Supplies,Binders,Recycled Easel Ring Binders,17.904,6,0.8,-31.332
9380,CA-2014-154158,12/23/2014,12/27/2014,Second Class,CC-12670,Craig Carreira,Consumer,United States,Tampa,Florida,33614,South,OFF-PA-10001295,Office Supplies,Paper,Computer Printout Paper with Letter-Trim Perforations,45.528,3,0.2,15.9348
1267,US-2014-167738,12/24/2014,12/29/2014,Standard Class,JC-16105,Julie Creighton,Corporate,United States,Los Angeles,California,90045,West,OFF-ST-10003306,Office Supplies,Storage,Letter Size Cart,142.86,1,0,41.4294
4509,US-2014-138247,12/24/2014,12/29/2014,Standard Class,BF-11170,Ben Ferrer,Home Office,United States,Los Angeles,California,90045,West,FUR-FU-10002554,Furniture,Furnishings,"Westinghouse Floor Lamp with Metal Mesh Shade, Black",23.99,1,0,5.5177
298,CA-2014-111451,12/26/2014,12/28/2014,First Class,KL-16555,Kelly Lampkin,Corporate,United States,Colorado Springs,Colorado,80906,West,OFF-FA-10004854,Office Supplies,Fasteners,"Vinyl Coated Wire Paper Clips in Organizer Box, 800/Box",27.552,3,0.2,9.2988
4819,CA-2014-139598,12/26/2014,12/31/2014,Standard Class,MG-17695,Maureen Gnade,Consumer,United States,Philadelphia,Pennsylvania,19134,East,OFF-ST-10001370,Office Supplies,Storage,Sensible Storage WireTech Storage Systems,227.136,4,0.2,-42.588
4554,US-2014-106334,12/27/2014,1/2/2015,Standard Class,JF-15490,Jeremy Farry,Consumer,United States,San Francisco,California,94122,West,OFF-PA-10003657,Office Supplies,Paper,Xerox 1927,12.84,3,0,5.778
8339,CA-2014-153087,12/27/2014,1/3/2015,Standard Class,TC-20980,Tamara Chand,Corporate,United States,Decatur,Alabama,35601,South,TEC-AC-10003198,Technology,Accessories,Enermax Acrylux Wireless Keyboard,498,5,0,184.26
6297,CA-2014-141313,12/28/2014,1/1/2015,Standard Class,AJ-10780,Anthony Jacobs,Corporate,United States,Beverly,Massachusetts,1915,East,OFF-ST-10000689,Office Supplies,Storage,"Fellowes Strictly Business Drawer File, Letter/Legal Size",704.25,5,0,84.51
4039,CA-2014-110786,12/29/2014,1/2/2015,Standard Class,AJ-10795,Anthony Johnson,Corporate,United States,San Francisco,California,94110,West,OFF-PA-10000528,Office Supplies,Paper,Xerox 1981,21.12,4,0,9.504
4321,CA-2014-152345,12/29/2014,1/3/2015,Second Class,ST-20530,Shui Tom,Consumer,United States,Albuquerque,New Mexico,87105,West,OFF-ST-10003123,Office Supplies,Storage,Fellowes Bases and Tops For Staxonsteel/High-Stak Systems,33.29,1,0,7.9896
3305,CA-2014-104738,12/30/2014,1/1/2015,Second Class,SP-20620,Stefania Perrino,Corporate,United States,Laredo,Texas,78041,Central,OFF-EN-10004955,Office Supplies,Envelopes,Fashion Color Clasp Envelopes,12.984,3,0.2,4.7067
7359,US-2014-115189,12/30/2014,1/3/2015,Second Class,AR-10345,Alex Russell,Corporate,United States,Philadelphia,Pennsylvania,19143,East,TEC-PH-10002170,Technology,Phones,ClearSounds CSC500 Amplified Spirit Phone Corded phone,251.964,6,0.4,-50.3928
2007,CA-2014-111150,12/31/2014,1/4/2015,Standard Class,RW-19630,Rob Williams,Corporate,United States,Columbia,Missouri,65203,Central,TEC-AC-10000290,Technology,Accessories,Sabrent 4-Port USB 2.0 Hub,47.53,7,0,16.1602
7681,CA-2014-133592,12/31/2014,1/7/2015,Standard Class,KM-16375,Katherine Murray,Home Office,United States,Providence,Rhode Island,2908,East,FUR-BO-10000362,Furniture,Bookcases,Sauder Inglewood Library Bookcases,341.96,2,0,78.6508
215,CA-2015-146262,1/2/2015,1/9/2015,Standard Class,VW-21775,Victoria Wilson,Corporate,United States,Medina,Ohio,44256,East,TEC-PH-10002844,Technology,Phones,Speck Products Candyshell Flip Case,62.982,3,0.4,-14.6958
5054,CA-2015-141243,1/3/2015,1/8/2015,Second Class,AH-10465,Amy Hunt,Consumer,United States,Dallas,Texas,75217,Central,TEC-AC-10003198,Technology,Accessories,Enermax Acrylux Wireless Keyboard,398.4,5,0.2,84.66
7720,CA-2015-108588,1/5/2015,1/10/2015,Standard Class,BG-11695,Brooke Gillingham,Corporate,United States,New York City,New York,10009,East,OFF-AR-10001615,Office Supplies,Art,Newell 34,59.52,3,0,15.4752
7091,CA-2015-119480,1/9/2015,1/13/2015,Standard Class,CC-12685,Craig Carroll,Consumer,United States,Henderson,Kentucky,42420,South,OFF-PA-10000474,Office Supplies,Paper,Easy-staple paper,106.32,3,0,49.9704
9798,CA-2015-128608,1/12/2015,1/17/2015,Standard Class,CS-12490,Cindy Schnelling,Corporate,United States,Toledo,Ohio,43615,East,TEC-PH-10004977,Technology,Phones,GE 30524EE4,235.188,2,0.4,-43.1178
8535,CA-2015-169677,1/13/2015,1/15/2015,Second Class,KS-16300,Karen Seio,Corporate,United States,Columbus,Georgia,31907,South,OFF-LA-10003223,Office Supplies,Labels,Avery 508,9.82,2,0,4.8118
2038,CA-2015-119214,1/23/2015,1/27/2015,Standard Class,CW-11905,Carl Weiss,Home Office,United States,Bozeman,Montana,59715,West,OFF-LA-10003077,Office Supplies,Labels,Avery 500,14.62,2,0,6.8714
9640,CA-2015-116638,1/28/2015,1/31/2015,Second Class,JH-15985,Joseph Holt,Consumer,United States,Concord,North Carolina,28027,South,FUR-TA-10000198,Furniture,Tables,Chromcraft Bull-Nose Wood Oval Conference Tables & Bases,4297.644,13,0.4,-1862.3124
808,CA-2015-140921,2/3/2015,2/5/2015,First Class,AA-10375,Allen Armold,Consumer,United States,Omaha,Nebraska,68104,Central,FUR-FU-10003347,Furniture,Furnishings,Coloredge Poster Frame,28.4,2,0,11.076
4941,CA-2015-156482,2/6/2015,2/13/2015,Standard Class,IL-15100,Ivan Liston,Consumer,United States,Wilmington,Delaware,19805,East,FUR-CH-10001708,Furniture,Chairs,Office Star - Contemporary Swivel Chair with Padded Adjustable Arms and Flex Back,1268.82,9,0,266.4522
9085,CA-2015-104038,2/6/2015,2/8/2015,First Class,LO-17170,Lori Olson,Corporate,United States,Suffolk,Virginia,23434,South,OFF-PA-10002751,Office Supplies,Paper,Xerox 1920,29.9,5,0,13.455
212,CA-2015-101007,2/9/2015,2/13/2015,Second Class,MS-17980,Michael Stewart,Corporate,United States,Dallas,Texas,75220,Central,TEC-AC-10001266,Technology,Accessories,Memorex Micro Travel Drive 8 GB,20.8,2,0.2,6.5
4323,US-2015-147662,2/14/2015,2/19/2015,Standard Class,KB-16315,Karl Braun,Consumer,United States,Akron,Ohio,44312,East,TEC-PH-10002834,Technology,Phones,Google Nexus 5,323.982,3,0.4,-80.9955
1789,CA-2015-154326,2/15/2015,2/19/2015,Standard Class,RP-19855,Roy Phan,Corporate,United States,Kenosha,Wisconsin,53142,Central,TEC-PH-10000560,Technology,Phones,Samsung Galaxy S III - 16GB - pebble blue (T-Mobile),699.98,2,0,195.9944
6744,CA-2015-156923,2/16/2015,2/20/2015,Standard Class,SP-20860,Sung Pak,Corporate,United States,Dover,New Hampshire,3820,East,OFF-PA-10002751,Office Supplies,Paper,Xerox 1920,35.88,6,0,16.146
3463,CA-2015-152611,2/20/2015,2/23/2015,Second Class,KA-16525,Kelly Andreada,Consumer,United States,Perth Amboy,New Jersey,8861,East,OFF-AR-10003903,Office Supplies,Art,Sanford 52201 APSCO Electric Pencil Sharpener,286.79,7,0,74.5654
5770,CA-2015-154900,2/25/2015,3/1/2015,Standard Class,SS-20875,Sung Shariari,Consumer,United States,Leominster,Massachusetts,1453,East,OFF-PA-10002377,Office Supplies,Paper,"Adams Telephone Message Book W/Dividers/Space For Phone Numbers, 5 1/4""X8 1/2"", 200/Messages",22.72,4,0,10.224
230,US-2015-145436,2/28/2015,3/4/2015,Standard Class,VD-21670,Valerie Dominguez,Consumer,United States,Columbia,Tennessee,38401,South,FUR-CH-10004477,Furniture,Chairs,"Global Push Button Manager's Chair, Indigo",389.696,8,0.2,43.8408
9445,CA-2015-104052,3/1/2015,3/2/2015,First Class,TP-21565,Tracy Poddar,Corporate,United States,Coppell,Texas,75019,Central,TEC-PH-10003215,Technology,Phones,Jackery Bar Premium Fast-charging Portable Charger,95.84,4,0.2,34.742
2284,CA-2015-153108,3/5/2015,3/9/2015,Standard Class,SF-20200,Sarah Foster,Consumer,United States,New Castle,Indiana,47362,Central,TEC-PH-10001552,Technology,Phones,I Need's 3d Hello Kitty Hybrid Silicone Case Cover for HTC One X 4g with 3d Hello Kitty Stylus Pen Green/pink,23.92,2,0,6.6976
5329,CA-2015-120320,3/5/2015,3/9/2015,Standard Class,MV-18190,Mike Vittorini,Consumer,United States,Houston,Texas,77036,Central,TEC-PH-10000149,Technology,Phones,Cisco SPA525G2 IP Phone - Wireless,31.92,2,0.2,2.394
2274,CA-2015-142944,3/6/2015,3/11/2015,Standard Class,JL-15850,John Lucas,Consumer,United States,San Francisco,California,94122,West,TEC-CO-10003763,Technology,Copiers,Canon PC1060 Personal Laser Copier,1119.984,2,0.2,377.9946
3997,CA-2015-105627,3/8/2015,3/12/2015,Standard Class,DK-12895,Dana Kaydos,Consumer,United States,Kenosha,Wisconsin,53142,Central,TEC-PH-10003012,Technology,Phones,Nortel Meridian M3904 Professional Digital phone,769.95,5,0,223.2855
4768,CA-2015-123155,3/9/2015,3/12/2015,First Class,NS-18640,Noel Staavos,Corporate,United States,San Antonio,Texas,78207,Central,TEC-PH-10001809,Technology,Phones,Panasonic KX T7736-B Digital phone,359.88,3,0.2,22.4925
7878,CA-2015-148705,3/12/2015,3/18/2015,Standard Class,EB-14170,Evan Bailliet,Consumer,United States,Charlotte,North Carolina,28205,South,OFF-LA-10001641,Office Supplies,Labels,Avery 518,5.04,2,0.2,1.764
4936,CA-2015-155124,3/15/2015,3/21/2015,Standard Class,KS-16300,Karen Seio,Corporate,United States,Lehi,Utah,84043,West,TEC-PH-10003356,Technology,Phones,"SmartStand Mobile Device Holder, Assorted Colors",16.776,3,0.2,1.6776
4954,CA-2015-153906,3/16/2015,3/20/2015,Standard Class,MS-17980,Michael Stewart,Corporate,United States,New York City,New York,10009,East,TEC-PH-10001527,Technology,Phones,Plantronics MX500i Earset,85.9,2,0,2.577
1644,CA-2015-111829,3/19/2015,3/20/2015,First Class,FH-14365,Fred Hopkins,Corporate,United States,Seattle,Washington,98115,West,OFF-ST-10000142,Office Supplies,Storage,Deluxe Rollaway Locking File with Drawer,1247.64,3,0,349.3392
3576,CA-2015-143532,3/19/2015,3/24/2015,Standard Class,DC-12850,Dan Campbell,Consumer,United States,North Miami,Florida,33161,South,OFF-PA-10001560,Office Supplies,Paper,"Adams Telephone Message Books, 5 1/4 x 11",14.496,3,0.2,4.8924
4959,CA-2015-127607,3/20/2015,3/26/2015,Standard Class,JK-15730,Joe Kamberova,Consumer,United States,Carrollton,Texas,75007,Central,OFF-FA-10003485,Office Supplies,Fasteners,Staples,18.864,9,0.2,6.1308
6487,CA-2015-120621,3/21/2015,3/26/2015,Standard Class,JW-16075,Julia West,Consumer,United States,Jacksonville,North Carolina,28540,South,OFF-AP-10002945,Office Supplies,Appliances,Honeywell Enviracaire Portable HEPA Air Cleaner for 17' x 22' Room,962.08,4,0.2,156.338
5811,US-2015-163279,3/22/2015,3/26/2015,Standard Class,JD-16150,Justin Deggeller,Corporate,United States,San Diego,California,92037,West,OFF-PA-10003127,Office Supplies,Paper,Easy-staple paper,105.52,4,0,48.5392
4556,CA-2015-130218,3/23/2015,3/26/2015,First Class,SG-20470,Sheri Gordon,Consumer,United States,Florence,South Carolina,29501,South,OFF-FA-10003112,Office Supplies,Fasteners,Staples,31.56,4,0,14.202
7439,CA-2015-145457,3/24/2015,3/27/2015,Second Class,CP-12085,Cathy Prescott,Corporate,United States,Covington,Washington,98042,West,FUR-FU-10003832,Furniture,Furnishings,"Eldon Expressions Punched Metal & Wood Desk Accessories, Black & Cherry",46.9,5,0,13.132
5839,CA-2015-132948,3/27/2015,4/3/2015,Standard Class,MV-17485,Mark Van Huff,Consumer,United States,Seattle,Washington,98115,West,OFF-ST-10000636,Office Supplies,Storage,Rogers Profile Extra Capacity Storage Tub,83.7,5,0,3.348
4130,CA-2015-121272,3/29/2015,4/4/2015,Standard Class,DO-13435,Denny Ordway,Consumer,United States,Seattle,Washington,98103,West,OFF-AP-10001947,Office Supplies,Appliances,Acco 6 Outlet Guardian Premium Plus Surge Suppressor,73.28,4,0,21.2512
6434,CA-2015-121405,3/30/2015,4/4/2015,Standard Class,FC-14335,Fred Chung,Corporate,United States,Chicago,Illinois,60610,Central,OFF-PA-10001838,Office Supplies,Paper,"Adams Telephone Message Book W/Dividers/Space For Phone Numbers, 5 1/4""X8 1/2"", 300/Messages",23.52,5,0.2,8.526
2770,US-2015-122140,4/2/2015,4/7/2015,Standard Class,MO-17950,Michael Oakman,Consumer,United States,Dallas,Texas,75220,Central,TEC-AC-10003038,Technology,Accessories,Kingston Digital DataTraveler 16GB USB 2.0,50.12,7,0.2,-0.6265
1056,CA-2015-110667,4/4/2015,4/8/2015,Standard Class,NF-18595,Nicole Fjeld,Home Office,United States,New York City,New York,10009,East,OFF-BI-10002735,Office Supplies,Binders,GBC Prestige Therm-A-Bind Covers,82.344,3,0.2,27.7911
119,US-2015-136476,4/5/2015,4/10/2015,Standard Class,GG-14650,Greg Guthrie,Corporate,United States,Bristol,Tennessee,37620,South,OFF-BI-10003650,Office Supplies,Binders,GBC DocuBind 300 Electric Binding Machine,157.794,1,0.7,-115.7156
3910,CA-2015-167010,4/5/2015,4/10/2015,Standard Class,VT-21700,Valerie Takahito,Home Office,United States,Philadelphia,Pennsylvania,19143,East,FUR-FU-10001037,Furniture,Furnishings,"DAX Charcoal/Nickel-Tone Document Frame, 5 x 7",7.584,1,0.2,2.37
2526,CA-2015-124541,4/6/2015,4/10/2015,Standard Class,TT-21220,Thomas Thornton,Consumer,United States,Houston,Texas,77041,Central,TEC-AC-10002550,Technology,Accessories,Maxell 4.7GB DVD-RW 3/Pack,25.488,2,0.2,4.4604
5876,CA-2015-130554,4/7/2015,4/9/2015,First Class,FM-14290,Frank Merwin,Home Office,United States,Philadelphia,Pennsylvania,19140,East,OFF-AR-10001954,Office Supplies,Art,Newell 331,11.736,3,0.2,1.0269
6061,CA-2015-134201,4/10/2015,4/16/2015,Standard Class,EH-14125,Eugene Hildebrand,Home Office,United States,Rochester,New York,14609,East,OFF-ST-10001476,Office Supplies,Storage,Steel Personal Filing/Posting Tote,142.04,4,0,38.3508
7461,US-2015-136987,4/11/2015,4/14/2015,Second Class,AR-10540,Andy Reiter,Consumer,United States,Los Angeles,California,90004,West,TEC-CO-10001943,Technology,Copiers,Canon PC-428 Personal Copier,639.968,4,0.2,215.9892
4171,CA-2015-100216,4/13/2015,4/14/2015,First Class,HJ-14875,Heather Jas,Home Office,United States,Mesa,Arizona,85204,West,OFF-PA-10002968,Office Supplies,Paper,Xerox 1973,54.816,3,0.2,17.8152
8400,CA-2015-133837,4/13/2015,4/18/2015,Standard Class,TH-21100,Thea Hendricks,Consumer,United States,Glendale,Arizona,85301,West,OFF-ST-10000344,Office Supplies,Storage,"Neat Ideas Personal Hanging Folder Files, Black",10.744,1,0.2,0.8058
1064,CA-2015-161263,4/16/2015,4/21/2015,Standard Class,TS-21160,Theresa Swint,Corporate,United States,Toledo,Ohio,43615,East,OFF-AR-10004757,Office Supplies,Art,Crayola Colored Pencils,7.872,3,0.2,1.2792
7457,CA-2015-137974,4/16/2015,4/18/2015,First Class,LL-16840,Lauren Leatherbury,Consumer,United States,Waynesboro,Virginia,22980,South,TEC-PH-10002033,Technology,Phones,Konftel 250 Conference phone - Charcoal black,569.64,2,0,148.1064
2755,CA-2015-155306,4/17/2015,4/21/2015,Standard Class,GA-14515,George Ashbrook,Consumer,United States,San Francisco,California,94122,West,TEC-PH-10002310,Technology,Phones,Plantronics Calisto P620-M USB Wireless Speakerphone System,783.96,5,0.2,68.5965
51,CA-2015-115742,4/18/2015,4/22/2015,Standard Class,DP-13000,Darren Powers,Consumer,United States,New Albany,Indiana,47150,Central,OFF-LA-10002762,Office Supplies,Labels,Avery 485,75.18,6,0,35.3346
6140,US-2015-113593,4/18/2015,4/20/2015,First Class,NC-18415,Nathan Cano,Consumer,United States,Santa Maria,California,93454,West,OFF-ST-10000532,Office Supplies,Storage,Advantus Rolling Drawer Organizers,115.44,3,0,30.0144
9303,US-2015-163433,4/18/2015,4/22/2015,Second Class,MP-17965,Michael Paige,Corporate,United States,Mcallen,Texas,78501,Central,OFF-AR-10003481,Office Supplies,Art,Newell 348,7.872,3,0.2,0.8856
2293,CA-2015-149342,4/20/2015,4/25/2015,Standard Class,TS-21160,Theresa Swint,Corporate,United States,Columbus,Georgia,31907,South,OFF-PA-10001166,Office Supplies,Paper,Xerox 2,12.96,2,0,6.2208
6293,CA-2015-151253,4/22/2015,4/26/2015,Standard Class,AZ-10750,Annie Zypern,Consumer,United States,Los Angeles,California,90008,West,TEC-PH-10002923,Technology,Phones,"Logitech B530 USB Headset - headset - Full size, Binaural",88.776,3,0.2,7.7679
6948,CA-2015-130365,4/25/2015,4/29/2015,Standard Class,ZC-21910,Zuschuss Carroll,Consumer,United States,Aurora,Illinois,60505,Central,OFF-ST-10002574,Office Supplies,Storage,"SAFCO Commercial Wire Shelving, Black",221.024,2,0.2,-55.256
7829,CA-2015-137302,4/26/2015,5/1/2015,Standard Class,BW-11110,Bart Watters,Corporate,United States,San Diego,California,92105,West,FUR-CH-10002017,Furniture,Chairs,SAFCO Optional Arm Kit for Workspace Cribbage Stacking Chair,63.936,3,0.2,6.3936
1022,CA-2015-124450,4/27/2015,5/3/2015,Standard Class,GT-14710,Greg Tran,Consumer,United States,Washington,District of Columbia,20016,East,FUR-CH-10000309,Furniture,Chairs,Global Comet Stacking Arm Chair,1267.53,3,0,316.8825
7683,CA-2015-120782,4/28/2015,5/1/2015,First Class,SD-20485,Shirley Daniels,Home Office,United States,Midland,Michigan,48640,Central,OFF-AP-10003779,Office Supplies,Appliances,Kensington 7 Outlet MasterPiece Power Center with Fax/Phone Line Protection,186.732,1,0.1,41.496
8347,US-2015-115238,4/30/2015,5/4/2015,Standard Class,JW-15220,Jane Waco,Corporate,United States,Lawrence,Massachusetts,1841,East,FUR-FU-10002960,Furniture,Furnishings,"Eldon 200 Class Desk Accessories, Burgundy",31.4,5,0,13.188
3993,CA-2015-161998,5/1/2015,5/5/2015,Standard Class,DB-13120,David Bremer,Corporate,United States,Tampa,Florida,33614,South,OFF-SU-10004261,Office Supplies,Supplies,"Fiskars 8"" Scissors, 2/Pack",41.376,3,0.2,4.6548
3778,CA-2015-107937,5/3/2015,5/8/2015,Standard Class,JB-16045,Julia Barnett,Home Office,United States,Chula Vista,California,91911,West,FUR-FU-10002298,Furniture,Furnishings,"Rubbermaid ClusterMat Chairmats, Mat Size- 66"" x 60"", Lip 20"" x 11"" -90 Degree Angle",665.88,6,0,106.5408
4663,CA-2015-112130,5/3/2015,5/7/2015,Standard Class,SV-20785,Stewart Visinsky,Consumer,United States,Philadelphia,Pennsylvania,19140,East,OFF-ST-10000563,Office Supplies,Storage,Fellowes Bankers Box Stor/Drawer Steel Plus,76.752,3,0.2,-9.594
3403,CA-2015-129700,5/4/2015,5/5/2015,First Class,LA-16780,Laura Armstrong,Corporate,United States,Tinley Park,Illinois,60477,Central,FUR-FU-10001940,Furniture,Furnishings,Staple-based wall hangings,22.288,7,0.6,-8.9152
1979,CA-2015-109939,5/8/2015,5/12/2015,Standard Class,AA-10375,Allen Armold,Consumer,United States,Salem,Oregon,97301,West,OFF-AR-10000127,Office Supplies,Art,Newell 321,5.248,2,0.2,0.5904
5710,US-2015-160857,5/8/2015,5/15/2015,Standard Class,NW-18400,Natalie Webber,Consumer,United States,New York City,New York,10024,East,FUR-CH-10002647,Furniture,Chairs,"Situations Contoured Folding Chairs, 4/Set",127.764,2,0.1,21.294
9541,CA-2015-135727,5/11/2015,5/16/2015,Second Class,PS-18970,Paul Stevenson,Home Office,United States,Phoenix,Arizona,85023,West,FUR-CH-10004540,Furniture,Chairs,Global Chrome Stack Chair,191.968,7,0.2,16.7972
8663,CA-2015-131856,5/12/2015,5/17/2015,Standard Class,JG-15160,James Galang,Consumer,United States,Houston,Texas,77041,Central,TEC-PH-10001336,Technology,Phones,Digium D40 VoIP phone,619.152,6,0.2,69.6546
698,CA-2015-119291,5/14/2015,5/17/2015,First Class,JO-15550,Jesus Ocampo,Home Office,United States,Chester,Pennsylvania,19013,East,OFF-LA-10003510,Office Supplies,Labels,"Avery 4027 File Folder Labels for Dot Matrix Printers, 5000 Labels per Box, White",97.696,4,0.2,31.7512
7406,CA-2015-100146,5/14/2015,5/19/2015,Standard Class,CB-12535,Claudia Bergmann,Corporate,United States,Camarillo,California,93010,West,FUR-CH-10003833,Furniture,Chairs,Novimex Fabric Task Chair,97.568,2,0.2,-6.098
9985,CA-2015-100251,5/17/2015,5/23/2015,Standard Class,DV-13465,Dianna Vittorini,Consumer,United States,Long Beach,New York,11561,East,OFF-LA-10003766,Office Supplies,Labels,Self-Adhesive Removable Labels,31.5,10,0,15.12
6920,CA-2015-102806,5/21/2015,5/28/2015,Standard Class,HG-14965,Henry Goldwyn,Corporate,United States,Philadelphia,Pennsylvania,19143,East,OFF-BI-10001597,Office Supplies,Binders,"Wilson Jones Ledger-Size, Piano-Hinge Binder, 2"", Blue",24.588,2,0.7,-18.0312
3298,US-2015-110569,5/23/2015,5/30/2015,Standard Class,EB-13870,Emily Burns,Consumer,United States,Phoenix,Arizona,85023,West,OFF-AP-10004708,Office Supplies,Appliances,Fellowes Superior 10 Outlet Split Surge Protector,121.792,4,0.2,13.7016
1937,CA-2015-141768,5/25/2015,5/27/2015,Second Class,NP-18685,Nora Pelletier,Home Office,United States,San Francisco,California,94109,West,FUR-FU-10002268,Furniture,Furnishings,Ultra Door Push Plate,14.73,3,0,4.8609
4603,US-2015-113327,5/26/2015,5/29/2015,Second Class,BF-11170,Ben Ferrer,Home Office,United States,Jacksonville,North Carolina,28540,South,OFF-PA-10003790,Office Supplies,Paper,Xerox 1991,18.272,1,0.2,5.9384
9578,CA-2015-143147,5/26/2015,5/28/2015,Second Class,PS-18760,Pamela Stobb,Consumer,United States,San Antonio,Texas,78207,Central,FUR-CH-10004754,Furniture,Chairs,"Global Stack Chair with Arms, Black",104.93,5,0.3,-4.497
4610,CA-2015-135020,5/28/2015,6/2/2015,Standard Class,MS-17770,Maxwell Schwartz,Consumer,United States,Rochester,New York,14609,East,OFF-PA-10004255,Office Supplies,Paper,Xerox 219,45.36,7,0,21.7728
9372,CA-2015-111339,5/29/2015,5/31/2015,First Class,VP-21760,Victoria Pisteka,Corporate,United States,Columbus,Ohio,43229,East,FUR-CH-10000863,Furniture,Chairs,Novimex Swivel Fabric Task Chair,317.058,3,0.3,-86.0586
9553,CA-2015-163923,5/30/2015,6/3/2015,Standard Class,BD-11560,Brendan Dodson,Home Office,United States,Springfield,Virginia,22153,South,TEC-AC-10000358,Technology,Accessories,Imation Secure Drive + Hardware Encrypted USB flash drive - 16 GB,151.96,4,0,36.4704
2561,CA-2015-147788,5/31/2015,6/4/2015,Standard Class,TM-21010,Tamara Manning,Consumer,United States,Orem,Utah,84057,West,OFF-ST-10000046,Office Supplies,Storage,Fellowes Super Stor/Drawer Files,323.1,2,0,61.389
9478,CA-2015-100818,5/31/2015,6/5/2015,Second Class,JM-15265,Janet Molinari,Corporate,United States,Chicago,Illinois,60653,Central,OFF-BI-10004364,Office Supplies,Binders,Storex Dura Pro Binders,3.564,3,0.8,-6.237
9095,US-2015-132836,6/1/2015,6/5/2015,Standard Class,AJ-10945,Ashley Jarboe,Consumer,United States,Detroit,Michigan,48227,Central,OFF-BI-10004224,Office Supplies,Binders,Catalog Binders with Expanding Posts,403.68,6,0,181.656
3362,US-2015-142020,6/4/2015,6/8/2015,Second Class,TC-21535,Tracy Collins,Home Office,United States,New York City,New York,10024,East,FUR-FU-10000672,Furniture,Furnishings,"Executive Impressions 10"" Spectator Wall Clock",35.28,3,0,11.9952
8538,CA-2015-157343,6/7/2015,6/11/2015,Standard Class,HD-14785,Harold Dahlen,Home Office,United States,Philadelphia,Pennsylvania,19143,East,OFF-PA-10000552,Office Supplies,Paper,Xerox 200,25.92,5,0.2,9.072
9819,CA-2015-162201,6/8/2015,6/12/2015,Standard Class,AG-10495,Andrew Gjertsen,Corporate,United States,Saint Petersburg,Florida,33710,South,OFF-AR-10003856,Office Supplies,Art,Newell 344,4.448,2,0.2,0.3336
5672,CA-2015-141012,6/9/2015,6/11/2015,Second Class,TG-21640,Trudy Glocke,Consumer,United States,Pocatello,Idaho,83201,West,TEC-PH-10004522,Technology,Phones,Dexim XPower Skin Super-Thin Power Case for iPhone 5 - Black,140.376,3,0.2,8.7735
3038,US-2015-123960,6/11/2015,6/16/2015,Standard Class,BD-11605,Brian Dahlen,Consumer,United States,Monroe,Louisiana,71203,South,OFF-PA-10004451,Office Supplies,Paper,Xerox 222,32.4,5,0,15.552
3124,CA-2015-121720,6/11/2015,6/12/2015,First Class,JE-15610,Jim Epp,Corporate,United States,Lakeland,Florida,33801,South,OFF-BI-10001308,Office Supplies,Binders,GBC Standard Plastic Binding Systems' Combs,3.768,2,0.7,-3.14
9072,CA-2015-136105,6/12/2015,6/16/2015,Standard Class,SZ-20035,Sam Zeldin,Home Office,United States,Columbus,Indiana,47201,Central,OFF-ST-10002444,Office Supplies,Storage,Recycled Eldon Regeneration Jumbo File,24.56,2,0,6.8768
4737,CA-2015-155054,6/13/2015,6/19/2015,Standard Class,PS-19045,Penelope Sewall,Home Office,United States,Lewiston,Maine,4240,East,OFF-BI-10002824,Office Supplies,Binders,Recycled Easel Ring Binders,29.84,2,0,13.428
3883,CA-2015-129896,6/15/2015,6/20/2015,Standard Class,PF-19120,Peter Fuller,Consumer,United States,Gilbert,Arizona,85234,West,FUR-FU-10004904,Furniture,Furnishings,"Eldon ""L"" Workstation Diamond Chairmat",364.704,6,0.2,-36.4704
3939,CA-2015-118955,6/16/2015,6/20/2015,Standard Class,LS-17230,Lycoris Saunders,Consumer,United States,Grand Prairie,Texas,75051,Central,FUR-CH-10001708,Furniture,Chairs,Office Star - Contemporary Swivel Chair with Padded Adjustable Arms and Flex Back,197.372,2,0.3,-25.3764
4195,CA-2015-154200,6/18/2015,6/22/2015,Standard Class,BG-11740,Bruce Geld,Consumer,United States,San Diego,California,92105,West,OFF-AR-10001044,Office Supplies,Art,"BOSTON Ranger #55 Pencil Sharpener, Black",51.98,2,0,15.0742
7751,CA-2015-133242,6/18/2015,6/24/2015,Standard Class,KH-16510,Keith Herrera,Consumer,United States,Arlington,Virginia,22204,South,OFF-BI-10004002,Office Supplies,Binders,Wilson Jones International Size A4 Ring Binders,34.6,2,0,16.608
9391,CA-2015-163734,6/19/2015,6/24/2015,Standard Class,KM-16375,Katherine Murray,Home Office,United States,Houston,Texas,77070,Central,OFF-ST-10003692,Office Supplies,Storage,Recycled Steel Personal File for Hanging File Folders,228.92,5,0.2,14.3075
340,CA-2015-128167,6/22/2015,6/26/2015,Second Class,KL-16645,Ken Lonsdale,Consumer,United States,Layton,Utah,84041,West,OFF-FA-10000490,Office Supplies,Fasteners,"OIC Binder Clips, Mini, 1/4"" Capacity, Black",4.96,4,0,2.3312
8077,CA-2015-106187,6/23/2015,6/29/2015,Standard Class,RF-19345,Randy Ferguson,Corporate,United States,East Point,Georgia,30344,South,FUR-FU-10000794,Furniture,Furnishings,"Eldon Stackable Tray, Side-Load, Legal, Smoke",27.42,3,0,9.3228
4316,CA-2015-115945,6/25/2015,7/1/2015,Standard Class,AB-10165,Alan Barnes,Consumer,United States,Los Angeles,California,90045,West,OFF-BI-10004330,Office Supplies,Binders,"GBC Velobind Prepunched Cover Sets, Regency Series",88.752,3,0.2,27.735
789,CA-2015-115938,6/26/2015,6/30/2015,Standard Class,SA-20830,Sue Ann Reed,Consumer,United States,Richmond,Virginia,23223,South,OFF-BI-10001543,Office Supplies,Binders,GBC VeloBinder Manual Binding System,143.96,4,0,69.1008
6977,CA-2015-112144,6/28/2015,7/2/2015,Standard Class,CY-12745,Craig Yedwab,Corporate,United States,Gilbert,Arizona,85234,West,FUR-FU-10004306,Furniture,Furnishings,Electrix Halogen Magnifier Lamp,621.76,4,0.2,46.632
9024,CA-2015-165799,6/29/2015,7/2/2015,First Class,SG-20470,Sheri Gordon,Consumer,United States,New York City,New York,10024,East,FUR-CH-10001482,Furniture,Chairs,Office Star - Mesh Screen back chair with Vinyl seat,117.882,1,0.1,1.3098
3493,CA-2015-157322,7/2/2015,7/6/2015,Standard Class,RH-19600,Rob Haberlin,Consumer,United States,Carol Stream,Illinois,60188,Central,OFF-PA-10000659,Office Supplies,Paper,"Adams Phone Message Book, Professional, 400 Message Capacity, 5 3/6 x 11",11.168,2,0.2,3.7692
8852,CA-2015-140718,7/2/2015,7/4/2015,First Class,FA-14230,Frank Atkinson,Corporate,United States,Raleigh,North Carolina,27604,South,OFF-PA-10002250,Office Supplies,Paper,Things To Do Today Pad,9.392,2,0.2,3.2872
1287,CA-2015-124268,7/4/2015,7/8/2015,Standard Class,AD-10180,Alan Dominguez,Home Office,United States,New York City,New York,10035,East,OFF-AR-10004817,Office Supplies,Art,Colorific Watercolor Pencils,15.48,3,0,4.4892
8298,US-2015-158911,7/5/2015,7/11/2015,Standard Class,RS-19765,Roland Schwarz,Corporate,United States,Charlotte,North Carolina,28205,South,FUR-FU-10003829,Furniture,Furnishings,Stackable Trays,4.928,2,0.2,0.7392
5164,CA-2015-161627,7/6/2015,7/11/2015,Standard Class,SJ-20215,Sarah Jordon,Consumer,United States,Pasadena,California,91104,West,FUR-CH-10003968,Furniture,Chairs,Novimex Turbo Task Chair,170.352,3,0.2,-17.0352
3679,CA-2015-132626,7/9/2015,7/14/2015,Standard Class,BT-11680,Brian Thompson,Consumer,United States,Clinton,Maryland,20735,East,TEC-MA-10002428,Technology,Machines,Fellowes Powershred HS-440 4-Sheet High Security Shredder,464.97,3,0,209.2365
3686,CA-2015-132626,7/9/2015,7/14/2015,Standard Class,BT-11680,Brian Thompson,Consumer,United States,Clinton,Maryland,20735,East,OFF-ST-10003722,Office Supplies,Storage,Project Tote Personal File,98.21,7,0,28.4809
2051,CA-2015-142237,7/11/2015,7/13/2015,First Class,CK-12595,Clytie Kelty,Consumer,United States,Philadelphia,Pennsylvania,19134,East,OFF-BI-10003669,Office Supplies,Binders,3M Organizer Strips,6.48,4,0.7,-4.752
5040,CA-2015-136469,7/11/2015,7/12/2015,First Class,TS-21370,Todd Sumrall,Corporate,United States,Wilmington,Delaware,19805,East,TEC-PH-10001817,Technology,Phones,Wilson Electronics DB Pro Signal Booster,716,2,0,193.32
4549,CA-2015-126557,7/12/2015,7/17/2015,Second Class,RL-19615,Rob Lucas,Consumer,United States,Chicago,Illinois,60610,Central,FUR-FU-10001861,Furniture,Furnishings,"Floodlight Indoor Halogen Bulbs, 1 Bulb per Pack, 60 Watts",7.76,1,0.6,-2.134
1829,US-2015-140851,7/13/2015,7/15/2015,Second Class,ND-18460,Neil Ducich,Corporate,United States,Macon,Georgia,31204,South,OFF-PA-10000019,Office Supplies,Paper,Xerox 1931,38.88,6,0,18.6624
4048,US-2015-166520,7/16/2015,7/19/2015,First Class,KE-16420,Katrina Edelman,Corporate,United States,New York City,New York,10035,East,OFF-PA-10000501,Office Supplies,Paper,Petty Cash Envelope,80.88,3,0,39.6312
8551,CA-2015-121132,7/17/2015,7/24/2015,Standard Class,VB-21745,Victoria Brennan,Corporate,United States,Houston,Texas,77041,Central,OFF-LA-10002368,Office Supplies,Labels,Avery 479,6.264,3,0.2,2.0358
1451,US-2015-160150,7/19/2015,7/20/2015,First Class,TS-21085,Thais Sissman,Consumer,United States,Phoenix,Arizona,85023,West,OFF-BI-10004352,Office Supplies,Binders,Wilson Jones DublLock D-Ring Binders,2.025,1,0.7,-1.35
4383,US-2015-122784,7/20/2015,7/27/2015,Standard Class,RA-19915,Russell Applegate,Consumer,United States,Highland Park,Illinois,60035,Central,OFF-BI-10000546,Office Supplies,Binders,Avery Durable Binders,2.88,5,0.8,-4.464
6498,CA-2015-103135,7/24/2015,7/28/2015,Standard Class,SS-20515,Shirley Schmidt,Home Office,United States,Louisville,Kentucky,40214,South,FUR-FU-10001487,Furniture,Furnishings,"Eldon Expressions Wood and Plastic Desk Accessories, Cherry Wood",20.94,3,0,6.0726
2809,CA-2015-148635,7/25/2015,7/27/2015,Second Class,MH-18025,Michelle Huthwaite,Consumer,United States,Seattle,Washington,98115,West,FUR-BO-10002213,Furniture,Bookcases,"Sauder Forest Hills Library, Woodland Oak Finish",704.9,5,0,56.392
7435,CA-2015-148180,7/26/2015,7/31/2015,Standard Class,BP-11095,Bart Pistole,Corporate,United States,Oxnard,California,93030,West,OFF-BI-10000605,Office Supplies,Binders,"Acco Pressboard Covers with Storage Hooks, 9 1/2"" x 11"", Executive Red",9.144,3,0.2,3.0861
273,CA-2015-155334,7/30/2015,7/31/2015,First Class,HA-14920,Helen Andreada,Consumer,United States,San Francisco,California,94109,West,FUR-FU-10003274,Furniture,Furnishings,Regeneration Desk Collection,5.28,3,0,2.3232
4581,CA-2015-164427,7/31/2015,8/6/2015,Standard Class,AR-10405,Allen Rosenblatt,Corporate,United States,Hattiesburg,Mississippi,39401,South,TEC-AC-10004469,Technology,Accessories,Microsoft Sculpt Comfort Mouse,239.7,6,0,105.468
4968,CA-2015-122406,8/2/2015,8/5/2015,Second Class,BE-11455,Brad Eason,Home Office,United States,Providence,Rhode Island,2908,East,OFF-PA-10001307,Office Supplies,Paper,"Important Message Pads, 50 4-1/4 x 5-1/2 Forms per Pad",8.4,2,0,4.116
5858,CA-2015-112214,8/5/2015,8/11/2015,Standard Class,AH-10690,Anna Häberlin,Corporate,United States,Dallas,Texas,75220,Central,FUR-FU-10002364,Furniture,Furnishings,"Eldon Expressions Wood Desk Accessories, Oak",14.76,5,0.6,-11.439
5100,CA-2015-141936,8/7/2015,8/12/2015,Standard Class,PN-18775,Parhena Norris,Home Office,United States,Bakersfield,California,93309,West,OFF-BI-10002194,Office Supplies,Binders,Cardinal Hold-It CD Pocket,19.152,3,0.2,6.4638
2931,CA-2015-168564,8/8/2015,8/8/2015,Same Day,TT-21220,Thomas Thornton,Consumer,United States,San Francisco,California,94109,West,OFF-BI-10004970,Office Supplies,Binders,"ACCOHIDE 3-Ring Binder, Blue, 1""",6.608,2,0.2,2.2302
226,CA-2015-163055,8/9/2015,8/16/2015,Standard Class,DS-13180,David Smith,Corporate,United States,Detroit,Michigan,48227,Central,OFF-AR-10001026,Office Supplies,Art,"Sanford Uni-Blazer View Highlighters, Chisel Tip, Yellow",2.2,1,0,0.968
1584,CA-2015-131338,8/9/2015,8/12/2015,First Class,NP-18325,Naresj Patel,Consumer,United States,New York City,New York,10024,East,FUR-FU-10002157,Furniture,Furnishings,Artistic Insta-Plaque,47.04,3,0,18.3456
5035,CA-2015-103954,8/9/2015,8/13/2015,Second Class,HR-14770,Hallie Redmond,Home Office,United States,Milwaukee,Wisconsin,53209,Central,FUR-BO-10004690,Furniture,Bookcases,O'Sullivan Cherrywood Estates Traditional Barrister Bookcase,687.4,5,0,48.118
6645,US-2015-156496,8/10/2015,8/16/2015,Standard Class,WB-21850,William Brown,Consumer,United States,Redmond,Oregon,97756,West,TEC-PH-10004188,Technology,Phones,OtterBox Commuter Series Case - Samsung Galaxy S4,139.944,7,0.2,-31.4874
4796,CA-2015-120516,8/13/2015,8/17/2015,Standard Class,CK-12595,Clytie Kelty,Consumer,United States,Marietta,Georgia,30062,South,OFF-BI-10004187,Office Supplies,Binders,3-ring staple pack,5.64,3,0,2.7072
5204,CA-2015-142454,8/15/2015,8/19/2015,Standard Class,RE-19450,Richard Eichhorn,Consumer,United States,Oakland,California,94601,West,OFF-ST-10003638,Office Supplies,Storage,Mobile Personal File Cube,70.26,3,0,18.9702
7973,US-2015-126753,8/16/2015,8/20/2015,Standard Class,SP-20860,Sung Pak,Corporate,United States,Philadelphia,Pennsylvania,19134,East,OFF-PA-10002787,Office Supplies,Paper,Xerox 227,10.368,2,0.2,3.6288
1458,CA-2015-111297,8/17/2015,8/21/2015,Standard Class,SC-20440,Shaun Chance,Corporate,United States,New Bedford,Massachusetts,2740,East,OFF-BI-10002412,Office Supplies,Binders,Wilson Jones Snap Scratch Pad Binder Tool for Ring Binders,52.2,9,0,23.49
780,CA-2015-144267,8/21/2015,8/23/2015,First Class,NZ-18565,Nick Zandusky,Home Office,United States,San Francisco,California,94110,West,OFF-PA-10001947,Office Supplies,Paper,Xerox 1974,23.92,4,0,11.7208
8515,CA-2015-122168,8/21/2015,8/26/2015,Standard Class,HG-14965,Henry Goldwyn,Corporate,United States,Florence,Kentucky,41042,South,OFF-AR-10003602,Office Supplies,Art,"Quartet Omega Colored Chalk, 12/Pack",17.52,3,0,8.2344
1175,CA-2015-132080,8/22/2015,8/25/2015,First Class,DP-13105,Dave Poirier,Corporate,United States,New York City,New York,10035,East,OFF-BI-10003694,Office Supplies,Binders,"Avery 3 1/2"" Diskette Storage Pages, 10/Pack",50.112,6,0.2,16.2864
4015,CA-2015-165624,8/23/2015,8/28/2015,Standard Class,FH-14350,Fred Harton,Consumer,United States,Atlanta,Georgia,30318,South,OFF-LA-10003190,Office Supplies,Labels,Avery 474,8.64,3,0,4.2336
661,CA-2015-146563,8/24/2015,8/28/2015,Standard Class,CB-12025,Cassandra Brandow,Consumer,United States,Arlington,Texas,76017,Central,OFF-ST-10001511,Office Supplies,Storage,Space Solutions Commercial Steel Shelving,724.08,14,0.2,-135.765
4096,CA-2015-102491,8/24/2015,8/28/2015,Standard Class,KW-16435,Katrina Willman,Consumer,United States,Florence,Kentucky,41042,South,TEC-PH-10001619,Technology,Phones,LG G3,587.97,3,0,170.5113
2670,US-2015-139759,8/25/2015,8/30/2015,Standard Class,NL-18310,Nancy Lomonaco,Home Office,United States,Los Angeles,California,90045,West,OFF-AP-10002765,Office Supplies,Appliances,Fellowes Advanced Computer Series Surge Protectors,105.96,4,0,29.6688
1295,CA-2015-101707,8/27/2015,9/1/2015,Standard Class,PF-19165,Philip Fox,Consumer,United States,San Diego,California,92105,West,OFF-LA-10000134,Office Supplies,Labels,Avery 511,3.08,1,0,1.4784
8059,CA-2015-121188,8/28/2015,9/4/2015,Standard Class,CB-12025,Cassandra Brandow,Consumer,United States,Los Angeles,California,90049,West,TEC-PH-10003589,Technology,Phones,invisibleSHIELD by ZAGG Smudge-Free Screen Protector,43.176,3,0.2,15.1116
761,CA-2015-112319,8/31/2015,9/5/2015,Standard Class,AR-10510,Andrew Roberts,Consumer,United States,Los Angeles,California,90004,West,OFF-PA-10003441,Office Supplies,Paper,Xerox 226,58.32,9,0,27.9936
335,CA-2015-137946,9/1/2015,9/4/2015,Second Class,DB-13615,Doug Bickford,Consumer,United States,Los Angeles,California,90045,West,OFF-BI-10001922,Office Supplies,Binders,Storex Dura Pro Binders,4.752,1,0.2,1.6038
84,CA-2015-149734,9/3/2015,9/8/2015,Standard Class,JC-16105,Julie Creighton,Corporate,United States,Durham,North Carolina,27707,South,OFF-EN-10000927,Office Supplies,Envelopes,Jet-Pak Recycled Peel 'N' Seal Padded Mailers,200.984,7,0.2,62.8075
1859,CA-2015-121608,9/3/2015,9/5/2015,First Class,JB-15400,Jennifer Braxton,Corporate,United States,Bristol,Connecticut,6010,East,OFF-AP-10002311,Office Supplies,Appliances,"Holmes Replacement Filter for HEPA Air Cleaner, Very Large Room, HEPA Filter",137.62,2,0,60.5528
1118,CA-2015-142755,9/4/2015,9/8/2015,Standard Class,CS-12355,Christine Sundaresam,Consumer,United States,Roswell,Georgia,30076,South,OFF-PA-10001970,Office Supplies,Paper,Xerox 1908,279.9,5,0,137.151
1761,CA-2015-130785,9/5/2015,9/9/2015,Standard Class,AG-10900,Arthur Gainer,Consumer,United States,San Diego,California,92105,West,FUR-BO-10000330,Furniture,Bookcases,"Sauder Camden County Barrister Bookcase, Planked Cherry Finish",411.332,4,0.15,-4.8392
5283,CA-2015-105158,9/5/2015,9/10/2015,Standard Class,SP-20860,Sung Pak,Corporate,United States,Rochester,Minnesota,55901,Central,OFF-PA-10001970,Office Supplies,Paper,Xerox 1881,36.84,3,0,17.3148
6257,CA-2015-133977,9/6/2015,9/8/2015,Second Class,AT-10435,Alyssa Tate,Home Office,United States,Tamarac,Florida,33319,South,OFF-BI-10003166,Office Supplies,Binders,GBC Plasticlear Binding Covers,3.444,1,0.7,-2.5256
4108,CA-2015-105599,9/7/2015,9/7/2015,Same Day,MC-17275,Marc Crier,Consumer,United States,New York City,New York,10011,East,OFF-ST-10002486,Office Supplies,Storage,Eldon Shelf Savers Cubes and Bins,13.96,2,0,0.2792
8627,CA-2015-164084,9/7/2015,9/12/2015,Standard Class,AG-10525,Andy Gerbode,Corporate,United States,New York City,New York,10011,East,OFF-ST-10003638,Office Supplies,Storage,Mobile Personal File Cube,70.26,3,0,18.9702
6255,CA-2015-151624,9/8/2015,9/14/2015,Standard Class,VW-21775,Victoria Wilson,Corporate,United States,Montgomery,Alabama,36116,South,FUR-FU-10001731,Furniture,Furnishings,Acrylic Self-Standing Desk Frames,21.36,8,0,8.1168
7205,CA-2015-136658,9/10/2015,9/17/2015,Standard Class,BO-11425,Bobby Odegard,Consumer,United States,New York City,New York,10024,East,OFF-AR-10000817,Office Supplies,Art,Manco Dry-Lighter Erasable Highlighter,6.08,2,0,2.0672
8027,CA-2015-132465,9/11/2015,9/15/2015,Second Class,DM-13525,Don Miller,Corporate,United States,New York City,New York,10035,East,OFF-ST-10003641,Office Supplies,Storage,Space Solutions Industrial Galvanized Steel Shelving.,78.8,1,0,1.576
8864,CA-2015-125934,9/11/2015,9/18/2015,Standard Class,SN-20560,Skye Norling,Home Office,United States,Paterson,New Jersey,7501,East,OFF-AP-10003860,Office Supplies,Appliances,Fellowes Advanced 8 Outlet Surge Suppressor with Phone/Fax Protection,111.04,4,0,29.9808
5208,CA-2015-102015,9/12/2015,9/18/2015,Standard Class,TM-21010,Tamara Manning,Consumer,United States,Auburn,New York,13021,East,OFF-LA-10002043,Office Supplies,Labels,Avery 489,20.7,2,0,9.936
6788,CA-2015-118843,9/13/2015,9/20/2015,Standard Class,JH-15910,Jonathan Howell,Consumer,United States,Atlanta,Georgia,30318,South,FUR-FU-10003975,Furniture,Furnishings,Eldon Advantage Chair Mats for Low to Medium Pile Carpets,129.93,3,0,12.993
9908,US-2015-129007,9/13/2015,9/15/2015,First Class,KD-16615,Ken Dana,Corporate,United States,Anaheim,California,92804,West,FUR-CH-10000155,Furniture,Chairs,Global Comet Stacking Armless Chair,717.72,3,0.2,71.772
3824,CA-2015-140984,9/14/2015,9/18/2015,Standard Class,CC-12685,Craig Carroll,Consumer,United States,New York City,New York,10011,East,OFF-ST-10000585,Office Supplies,Storage,Economy Rollaway Files,991.2,6,0,257.712
1197,US-2015-130519,9/15/2015,9/15/2015,Same Day,NG-18355,Nat Gilpin,Corporate,United States,Coral Springs,Florida,33065,South,FUR-FU-10003394,Furniture,Furnishings,"Tenex ""The Solids"" Textured Chair Mats",55.968,1,0.2,-2.0988
3818,CA-2015-102582,9/15/2015,9/19/2015,Standard Class,NW-18400,Natalie Webber,Consumer,United States,Mobile,Alabama,36608,South,TEC-PH-10003187,Technology,Phones,Anker Astro Mini 3000mAh Ultra-Compact Portable Charger,59.97,3,0,0
30,US-2015-150630,9/17/2015,9/21/2015,Standard Class,TB-21520,Tracy Blumstein,Consumer,United States,Philadelphia,Pennsylvania,19140,East,FUR-FU-10004848,Furniture,Furnishings,"Howard Miller 13-3/4"" Diameter Brushed Chrome Round Wall Clock",124.2,3,0.2,15.525
1676,CA-2015-143077,9/17/2015,9/21/2015,Standard Class,SF-20965,Sylvia Foulston,Corporate,United States,Houston,Texas,77041,Central,OFF-BI-10000088,Office Supplies,Binders,GBC Imprintable Covers,6.588,3,0.8,-10.2114
5917,US-2015-126977,9/17/2015,9/23/2015,Standard Class,PF-19120,Peter Fuller,Consumer,United States,New York City,New York,10035,East,OFF-ST-10003058,Office Supplies,Storage,Eldon Mobile Mega Data Cart  Mega Stackable  Add-On Trays,94.6,4,0,27.434
576,CA-2015-149713,9/18/2015,9/22/2015,Second Class,TG-21640,Trudy Glocke,Consumer,United States,Long Beach,California,90805,West,OFF-PA-10004530,Office Supplies,Paper,Personal Creations Ink Jet Cards and Labels,160.72,14,0,78.7528
3734,CA-2015-109575,9/18/2015,9/23/2015,Standard Class,KH-16630,Ken Heidel,Corporate,United States,Clinton,Maryland,20735,East,OFF-BI-10000962,Office Supplies,Binders,"Acco Flexible ACCOHIDE Square Ring Data Binder, Dark Blue, 11 1/2"" X 14"" 7/8""",65.08,4,0,31.8892
1303,CA-2015-115847,9/19/2015,9/24/2015,Second Class,TC-21535,Tracy Collins,Home Office,United States,Arlington,Virginia,22204,South,FUR-BO-10003433,Furniture,Bookcases,Sauder Cornerstone Collection Library,61.96,2,0,4.3372
8061,CA-2015-156013,9/20/2015,9/26/2015,Standard Class,TC-20980,Tamara Chand,Corporate,United States,Long Beach,New York,11561,East,OFF-PA-10001970,Office Supplies,Paper,Xerox 1881,61.4,5,0,28.858
1418,CA-2015-126697,9/21/2015,9/24/2015,First Class,SV-20815,Stuart Van,Corporate,United States,Houston,Texas,77041,Central,TEC-AC-10004353,Technology,Accessories,Hypercom P1300 Pinpad,151.2,3,0.2,32.13
3852,CA-2015-127593,9/21/2015,9/21/2015,Same Day,DH-13675,Duane Huffman,Home Office,United States,Quincy,Massachusetts,2169,East,FUR-FU-10004006,Furniture,Furnishings,"Deflect-o DuraMat Lighweight, Studded, Beveled Mat for Low Pile Carpeting",85.3,2,0,14.501
6180,CA-2015-158421,9/21/2015,9/26/2015,Standard Class,GB-14575,Giulietta Baptist,Consumer,United States,Columbia,South Carolina,29203,South,OFF-ST-10000563,Office Supplies,Storage,Fellowes Bankers Box Stor/Drawer Steel Plus,63.96,2,0,6.396
5841,CA-2015-134992,9/22/2015,9/26/2015,Second Class,MG-17875,Michael Grace,Home Office,United States,Arlington,Virginia,22204,South,FUR-FU-10002554,Furniture,Furnishings,"Westinghouse Floor Lamp with Metal Mesh Shade, Black",47.98,2,0,11.0354
8855,US-2015-115343,9/22/2015,9/25/2015,First Class,FO-14305,Frank Olsen,Consumer,United States,Philadelphia,Pennsylvania,19143,East,TEC-AC-10003832,Technology,Accessories,Logitech P710e Mobile Speakerphone,617.976,3,0.2,-7.7247
4915,CA-2015-161830,9/24/2015,9/26/2015,Second Class,ME-17725,Max Engle,Consumer,United States,Seattle,Washington,98105,West,OFF-AR-10004042,Office Supplies,Art,"BOSTON Model 1800 Electric Pencil Sharpeners, Putty/Woodgrain",35.96,2,0,10.4284
9154,US-2015-106873,9/24/2015,9/29/2015,Second Class,KM-16720,Kunst Miller,Consumer,United States,Avondale,Arizona,85323,West,OFF-AR-10001246,Office Supplies,Art,Newell 317,16.464,7,0.2,1.8522
25,CA-2015-106320,9/25/2015,9/30/2015,Standard Class,EB-13870,Emily Burns,Consumer,United States,Orem,Utah,84057,West,FUR-TA-10000577,Furniture,Tables,Bretford CR4500 Series Slim Rectangular Table,1044.63,3,0,240.2649
6450,CA-2015-156510,9/25/2015,9/29/2015,Standard Class,EH-13990,Erica Hackney,Consumer,United States,Meriden,Connecticut,6450,East,OFF-BI-10000822,Office Supplies,Binders,"Acco PRESSTEX Data Binder with Storage Hooks, Light Blue, 9 1/2"" X 11""",10.76,2,0,5.1648
8214,CA-2015-120845,9/25/2015,10/2/2015,Standard Class,ML-17395,Marina Lichtenstein,Corporate,United States,Murfreesboro,Tennessee,37130,South,OFF-BI-10001116,Office Supplies,Binders,"Wilson Jones 1"" Hanging DublLock Ring Binders",6.336,4,0.7,-4.6464
281,US-2015-161991,9/26/2015,9/28/2015,Second Class,SC-20725,Steven Cartwright,Consumer,United States,Houston,Texas,77070,Central,OFF-BI-10004967,Office Supplies,Binders,Round Ring Binders,2.08,5,0.8,-3.432
1422,CA-2015-124800,9/26/2015,9/30/2015,Standard Class,RW-19540,Rick Wilson,Corporate,United States,Mesa,Arizona,85204,West,OFF-AP-10004980,Office Supplies,Appliances,3M Replacement Filter for Office Air Cleaner for 20' x 33' Room,60.672,2,0.2,14.4096
2497,CA-2015-122371,9/26/2015,10/1/2015,Standard Class,BS-11800,Bryan Spruell,Home Office,United States,San Diego,California,92037,West,OFF-ST-10002370,Office Supplies,Storage,"Sortfiler Multipurpose Personal File Organizer, Black",64.17,3,0,18.6093
3437,US-2015-100531,9/27/2015,9/29/2015,First Class,NM-18520,Neoma Murray,Consumer,United States,Chicago,Illinois,60610,Central,FUR-FU-10003849,Furniture,Furnishings,"DAX Metal Frame, Desktop, Stepped-Edge",24.288,3,0.6,-12.7512
7847,CA-2015-125976,9/27/2015,10/2/2015,Standard Class,JK-15205,Jamie Kunitz,Consumer,United States,Arlington,Virginia,22204,South,TEC-PH-10002496,Technology,Phones,Cisco SPA301,1871.88,12,0,561.564
8162,CA-2015-120915,9/28/2015,10/3/2015,Second Class,JJ-15445,Jennifer Jackson,Consumer,United States,New York City,New York,10035,East,OFF-AP-10002578,Office Supplies,Appliances,"Fellowes Premier Superior Surge Suppressor, 10-Outlet, With Phone and Remote",293.52,6,0,76.3152
6268,CA-2015-115392,10/1/2015,10/4/2015,Second Class,RM-19675,Robert Marley,Home Office,United States,Cambridge,Massachusetts,2138,East,TEC-PH-10002496,Technology,Phones,Cisco SPA301,311.98,2,0,93.594
3221,US-2015-137008,10/2/2015,10/8/2015,Standard Class,JP-15460,Jennifer Patt,Corporate,United States,Lakewood,New Jersey,8701,East,OFF-EN-10002500,Office Supplies,Envelopes,Globe Weis Peel & Seel First Class Envelopes,51.12,4,0,23.004
7797,US-2015-145121,10/2/2015,10/6/2015,Standard Class,MP-17965,Michael Paige,Corporate,United States,Middletown,Connecticut,6457,East,OFF-BI-10001078,Office Supplies,Binders,"Acco PRESSTEX Data Binder with Storage Hooks, Dark Blue, 14 7/8"" X 11""",26.9,5,0,13.181
783,US-2015-157014,10/3/2015,10/6/2015,Second Class,BM-11785,Bryan Mills,Consumer,United States,Columbus,Ohio,43229,East,TEC-AC-10002167,Technology,Accessories,Imation 8gb Micro Traveldrive Usb 2.0 Flash Drive,24,2,0.2,-2.7
2128,CA-2015-134859,10/4/2015,10/9/2015,Standard Class,JK-16120,Julie Kriz,Home Office,United States,Philadelphia,Pennsylvania,19134,East,FUR-FU-10003623,Furniture,Furnishings,"DataProducts Ampli Magnifier Task Lamp, Black,",64.944,3,0.2,6.4944
6227,CA-2015-133445,10/5/2015,10/9/2015,Standard Class,JF-15490,Jeremy Farry,Consumer,United States,Portland,Oregon,97206,West,FUR-CH-10000422,Furniture,Chairs,Global Highback Leather Tilter in Burgundy,291.168,4,0.2,-14.5584
2491,CA-2015-141040,10/9/2015,10/13/2015,Second Class,TB-21250,Tim Brockman,Consumer,United States,New York City,New York,10024,East,OFF-PA-10002245,Office Supplies,Paper,Xerox 1895,23.92,4,0,10.764
7314,CA-2015-162761,10/9/2015,10/13/2015,Standard Class,SC-20575,Sonia Cooley,Consumer,United States,Miami,Florida,33178,South,OFF-AR-10001761,Office Supplies,Art,Avery Hi-Liter Smear-Safe Highlighters,37.376,8,0.2,7.4752
9914,CA-2015-132388,10/10/2015,10/12/2015,First Class,KN-16390,Katherine Nockton,Corporate,United States,Santa Barbara,California,93101,West,OFF-LA-10000414,Office Supplies,Labels,Avery 503,31.05,3,0,14.904
193,CA-2015-102281,10/12/2015,10/14/2015,First Class,MP-17470,Mark Packer,Home Office,United States,New York City,New York,10035,East,FUR-BO-10002545,Furniture,Bookcases,"Atlantic Metals Mobile 3-Shelf Bookcases, Custom Colors",626.352,3,0.2,46.9764
7863,CA-2015-142993,10/12/2015,10/17/2015,Standard Class,KA-16525,Kelly Andreada,Consumer,United States,Seattle,Washington,98103,West,OFF-ST-10000934,Office Supplies,Storage,"Contico 72""H Heavy-Duty Storage System",81.96,2,0,0
6878,US-2015-123918,10/15/2015,10/15/2015,Same Day,CG-12520,Claire Gute,Consumer,United States,Dallas,Texas,75217,Central,FUR-FU-10004952,Furniture,Furnishings,"C-Line Cubicle Keepers Polyproplyene Holder w/Velcro Back, 8-1/2x11, 25/Bx",131.376,6,0.6,-95.2476
6137,CA-2015-105613,10/18/2015,10/22/2015,Standard Class,KN-16705,Kristina Nunn,Home Office,United States,Mcallen,Texas,78501,Central,OFF-AP-10000026,Office Supplies,Appliances,Tripp Lite Isotel 6 Outlet Surge Protector with Fax/Modem Protection,73.164,6,0.8,-186.5682
5435,CA-2015-160171,10/19/2015,10/24/2015,Standard Class,RM-19675,Robert Marley,Home Office,United States,Los Angeles,California,90008,West,OFF-AP-10000275,Office Supplies,Appliances,"Sanyo Counter Height Refrigerator with Crisper, 3.6 Cubic Foot, Stainless Steel/Black",1640.7,5,0,459.396
9059,CA-2015-149097,10/20/2015,10/24/2015,Standard Class,SV-20785,Stewart Visinsky,Consumer,United States,Los Angeles,California,90045,West,FUR-TA-10001086,Furniture,Tables,"SAFCO PlanMaster Boards, 60w x 37-1/2d, White Melamine",364.776,3,0.2,27.3582
3872,CA-2015-132486,10/23/2015,10/27/2015,Second Class,JF-15355,Jay Fein,Consumer,United States,San Diego,California,92105,West,OFF-EN-10002600,Office Supplies,Envelopes,"Redi-Strip #10 Envelopes, 4 1/8 x 9 1/2",11.8,4,0,5.664
5420,CA-2015-110877,10/23/2015,10/26/2015,First Class,JE-15715,Joe Elijah,Consumer,United States,Houston,Texas,77041,Central,TEC-PH-10002103,Technology,Phones,Jabra SPEAK 410,150.384,2,0.2,15.0384
5487,CA-2015-156608,10/24/2015,10/29/2015,Standard Class,MT-18070,Michelle Tran,Home Office,United States,San Antonio,Texas,78207,Central,OFF-BI-10004140,Office Supplies,Binders,Avery Non-Stick Binders,3.592,4,0.8,-6.286
9393,CA-2015-130848,10/25/2015,10/25/2015,Same Day,DG-13300,Deirdre Greer,Corporate,United States,Denver,Colorado,80219,West,FUR-CH-10000422,Furniture,Chairs,Global Highback Leather Tilter in Burgundy,582.336,8,0.2,-29.1168
8084,CA-2015-150714,10/26/2015,11/1/2015,Standard Class,KH-16690,Kristen Hastings,Corporate,United States,Springfield,Oregon,97477,West,OFF-BI-10002982,Office Supplies,Binders,Avery Self-Adhesive Photo Pockets for Polaroid Photos,14.301,7,0.7,-10.4874
6326,CA-2015-110289,10/29/2015,11/2/2015,Standard Class,NB-18655,Nona Balk,Corporate,United States,San Francisco,California,94109,West,OFF-EN-10001434,Office Supplies,Envelopes,"Strathmore #10 Envelopes, Ultimate White",210.84,4,0,103.3116
8478,CA-2015-145758,10/30/2015,10/30/2015,Same Day,BF-11020,Barry Französisch,Corporate,United States,New York City,New York,10024,East,TEC-MA-10004552,Technology,Machines,Star Micronics TSP100 TSP143LAN Receipt Printer,1035.8,4,0,269.308
1429,US-2015-164448,10/31/2015,11/4/2015,Second Class,DK-12835,Damala Kotsonis,Corporate,United States,Salinas,California,93905,West,OFF-BI-10003708,Office Supplies,Binders,"Acco Four Pocket Poly Ring Binder with Label Holder, Smoke, 1""",29.8,5,0.2,9.3125
2113,CA-2015-164882,10/31/2015,10/31/2015,Same Day,SG-20080,Sandra Glassco,Consumer,United States,Redlands,California,92374,West,OFF-SU-10004231,Office Supplies,Supplies,Acme Tagit Stainless Steel Antibacterial Scissors,29.7,3,0,8.019
2296,CA-2015-113145,11/1/2015,11/5/2015,Standard Class,VD-21670,Valerie Dominguez,Consumer,United States,New York City,New York,10011,East,OFF-PA-10002659,Office Supplies,Paper,Avoid Verbal Orders Carbonless Minifold Book,13.52,4,0,6.2192
6551,CA-2015-126739,11/1/2015,11/3/2015,Second Class,JH-16180,Justin Hirsh,Consumer,United States,New York City,New York,10035,East,FUR-CH-10000422,Furniture,Chairs,Global Highback Leather Tilter in Burgundy,327.564,4,0.1,21.8376
8166,CA-2015-168207,11/2/2015,11/6/2015,Standard Class,LT-17110,Liz Thompson,Consumer,United States,San Diego,California,92105,West,OFF-BI-10003355,Office Supplies,Binders,Cardinal Holdit Business Card Pockets,11.952,3,0.2,4.1832
1488,CA-2015-140410,11/3/2015,11/7/2015,Standard Class,CM-12655,Corinna Mitchell,Home Office,United States,Los Angeles,California,90008,West,TEC-AC-10001109,Technology,Accessories,Logitech Trackman Marble Mouse,89.97,3,0,37.7874
3814,CA-2015-103961,11/5/2015,11/9/2015,Standard Class,NG-18430,Nathan Gelder,Consumer,United States,Quincy,Illinois,62301,Central,OFF-LA-10004484,Office Supplies,Labels,Avery 476,19.824,6,0.2,6.4428
532,CA-2015-102848,11/7/2015,11/9/2015,Second Class,KB-16240,Karen Bern,Corporate,United States,Los Angeles,California,90036,West,FUR-CH-10000595,Furniture,Chairs,Safco Contoured Stacking Chairs,190.72,1,0.2,11.92
7905,CA-2015-126669,11/7/2015,11/13/2015,Standard Class,DO-13645,Doug O'Connell,Consumer,United States,Houston,Texas,77036,Central,OFF-PA-10001357,Office Supplies,Paper,Xerox 1886,76.64,2,0.2,26.824
1918,CA-2015-105634,11/8/2015,11/14/2015,Standard Class,HA-14905,Helen Abelman,Consumer,United States,Franklin,Massachusetts,2038,East,OFF-AR-10001573,Office Supplies,Art,American Pencil,11.65,5,0,3.3785
3025,CA-2015-164441,11/8/2015,11/13/2015,Standard Class,AC-10450,Amy Cox,Consumer,United States,New York City,New York,10011,East,OFF-BI-10001922,Office Supplies,Binders,Storex Dura Pro Binders,52.272,11,0.2,17.6418
6994,CA-2015-109386,11/8/2015,11/13/2015,Second Class,RH-19600,Rob Haberlin,Consumer,United States,Hampton,Virginia,23666,South,OFF-AR-10000380,Office Supplies,Art,"Hunt PowerHouse Electric Pencil Sharpener, Blue",265.86,7,0,79.758
8206,CA-2015-114811,11/8/2015,11/8/2015,Same Day,KD-16495,Keith Dawkins,Corporate,United States,New York City,New York,10024,East,FUR-CH-10003746,Furniture,Chairs,Hon 4070 Series Pagoda Round Back Stacking Chairs,577.764,2,0.1,115.5528
1988,CA-2015-127509,11/9/2015,11/13/2015,Standard Class,AS-10090,Adam Shillingsburg,Consumer,United States,Springfield,Missouri,65807,Central,OFF-BI-10002393,Office Supplies,Binders,Binder Posts,17.22,3,0,7.9212
5340,CA-2015-146486,11/9/2015,11/14/2015,Second Class,DV-13465,Dianna Vittorini,Consumer,United States,Oceanside,New York,11572,East,OFF-EN-10001509,Office Supplies,Envelopes,Poly String Tie Envelopes,12.24,6,0,5.7528
5849,CA-2015-121783,11/10/2015,11/14/2015,Standard Class,PO-19180,Philisse Overcash,Home Office,United States,Roseville,Minnesota,55113,Central,OFF-AP-10003849,Office Supplies,Appliances,Hoover Shoulder Vac Commercial Portable Vacuum,715.64,2,0,178.91
9315,CA-2015-111948,11/11/2015,11/11/2015,Same Day,AG-10495,Andrew Gjertsen,Corporate,United States,Detroit,Michigan,48234,Central,OFF-AP-10002311,Office Supplies,Appliances,"Holmes Replacement Filter for HEPA Air Cleaner, Very Large Room, HEPA Filter",123.858,2,0.1,46.7908
3812,CA-2015-113628,11/12/2015,11/19/2015,Standard Class,AH-10690,Anna Häberlin,Corporate,United States,Plantation,Florida,33317,South,FUR-CH-10004477,Furniture,Chairs,"Global Push Button Manager's Chair, Indigo",146.136,3,0.2,16.4403
106,US-2015-156867,11/13/2015,11/17/2015,Standard Class,LC-16870,Lena Cacioppo,Consumer,United States,Aurora,Colorado,80013,West,OFF-BI-10002794,Office Supplies,Binders,"Avery Trapezoid Ring Binder, 3"" Capacity, Black, 1040 sheets",36.882,3,0.7,-25.8174
6198,CA-2015-149909,11/13/2015,11/17/2015,Standard Class,RA-19915,Russell Applegate,Consumer,United States,Columbus,Indiana,47201,Central,OFF-PA-10000726,Office Supplies,Paper,"Black Print Carbonless Snap-Off Rapid Letter, 8 1/2"" x 7""",63.77,7,0,28.6965
8625,CA-2015-136147,11/13/2015,11/18/2015,Standard Class,FM-14380,Fred McMath,Consumer,United States,Miami,Florida,33178,South,TEC-AC-10004568,Technology,Accessories,Maxell LTO Ultrium - 800 GB,111.96,5,0.2,-1.3995
2397,CA-2015-137897,11/14/2015,11/19/2015,Standard Class,PJ-18835,Patrick Jones,Corporate,United States,New York City,New York,10035,East,OFF-PA-10004041,Office Supplies,Paper,"It's Hot Message Books with Stickers, 2 3/4"" x 5""",37,5,0,16.65
5722,CA-2015-138674,11/14/2015,11/17/2015,First Class,KB-16585,Ken Black,Corporate,United States,Springfield,Oregon,97477,West,TEC-AC-10000358,Technology,Accessories,Imation Secure Drive + Hardware Encrypted USB flash drive - 16 GB,91.176,3,0.2,4.5588
6187,CA-2015-138954,11/15/2015,11/17/2015,First Class,MH-17785,Maya Herman,Corporate,United States,New York City,New York,10035,East,OFF-ST-10003058,Office Supplies,Storage,Eldon Mobile Mega Data Cart  Mega Stackable  Add-On Trays,70.95,3,0,20.5755
2812,CA-2015-135685,11/16/2015,11/18/2015,Second Class,MP-18175,Mike Pelletier,Home Office,United States,Milwaukee,Wisconsin,53209,Central,FUR-FU-10001185,Furniture,Furnishings,"Advantus Employee of the Month Certificate Frame, 11 x 13-1/2",185.58,6,0,76.0878
6795,CA-2015-145394,11/16/2015,11/20/2015,Standard Class,MC-17605,Matt Connell,Corporate,United States,Chicago,Illinois,60610,Central,TEC-PH-10001051,Technology,Phones,HTC One,239.976,3,0.2,26.9973
5845,CA-2015-126725,11/17/2015,11/21/2015,Standard Class,BS-11665,Brian Stugart,Consumer,United States,San Diego,California,92105,West,OFF-ST-10000129,Office Supplies,Storage,Fellowes Recycled Storage Drawers,777.21,7,0,54.4047
3698,CA-2015-151680,11/19/2015,11/21/2015,Second Class,TC-21475,Tony Chapman,Home Office,United States,Seattle,Washington,98115,West,FUR-FU-10000305,Furniture,Furnishings,"Tenex V2T-RE Standard Weight Series Chair Mat, 45"" x 53"", Lip 25"" x 12""",141.96,2,0,22.7136
1071,CA-2015-144652,11/20/2015,11/26/2015,Standard Class,SN-20560,Skye Norling,Home Office,United States,Los Angeles,California,90008,West,OFF-AR-10003732,Office Supplies,Art,Newell 333,19.46,7,0,5.0596
6247,CA-2015-112305,11/20/2015,11/25/2015,Standard Class,KB-16405,Katrina Bavinger,Home Office,United States,Seattle,Washington,98105,West,TEC-AC-10002018,Technology,Accessories,AmazonBasics 3-Button USB Wired Mouse,13.98,2,0,6.0114
7140,CA-2015-163965,11/20/2015,11/27/2015,Standard Class,SS-20875,Sung Shariari,Consumer,United States,Miami,Florida,33180,South,FUR-BO-10001337,Furniture,Bookcases,O'Sullivan Living Dimensions 2-Shelf Bookcases,290.352,3,0.2,-36.294
9502,US-2015-158589,11/20/2015,11/24/2015,Standard Class,KW-16570,Kelly Williams,Consumer,United States,San Francisco,California,94109,West,FUR-FU-10001546,Furniture,Furnishings,Dana Swing-Arm Lamps,32.04,3,0,8.01
4287,CA-2015-105690,11/21/2015,11/26/2015,Second Class,CA-11965,Carol Adams,Corporate,United States,Port Arthur,Texas,77642,Central,TEC-CO-10001571,Technology,Copiers,Sharp 1540cs Digital Laser Copier,439.992,1,0.2,164.997
7629,US-2015-159499,11/21/2015,11/23/2015,Second Class,EM-14095,Eudokia Martin,Corporate,United States,Phoenix,Arizona,85023,West,OFF-LA-10003121,Office Supplies,Labels,Avery 506,16.52,5,0.2,5.369
9286,CA-2015-102778,11/21/2015,11/24/2015,First Class,JH-15820,John Huston,Consumer,United States,Monroe,North Carolina,28110,South,FUR-FU-10000087,Furniture,Furnishings,"Executive Impressions 14"" Two-Color Numerals Wall Clock",18.176,1,0.2,4.7712
3649,CA-2015-168459,11/22/2015,11/27/2015,Standard Class,MC-17275,Marc Crier,Consumer,United States,Memphis,Tennessee,38109,South,OFF-BI-10003712,Office Supplies,Binders,"Acco Pressboard Covers with Storage Hooks, 14 7/8"" x 11"", Light Blue",2.946,2,0.7,-2.0622
8746,CA-2015-162376,11/22/2015,11/25/2015,Second Class,HD-14785,Harold Dahlen,Home Office,United States,Cambridge,Massachusetts,2138,East,OFF-PA-10000300,Office Supplies,Paper,Xerox 1936,59.94,3,0,28.1718
8816,CA-2015-144274,11/23/2015,11/25/2015,Second Class,PW-19240,Pierre Wener,Consumer,United States,Wilmington,Delaware,19805,East,OFF-PA-10001583,Office Supplies,Paper,"1/4 Fold Party Design Invitations & White Envelopes, 24 8-1/2"" X 11"" Cards, 25 Env./Pack",44.1,6,0,20.727
66,CA-2015-135545,11/24/2015,11/30/2015,Standard Class,KM-16720,Kunst Miller,Consumer,United States,Los Angeles,California,90004,West,FUR-FU-10000397,Furniture,Furnishings,Luxo Economy Swing Arm Lamp,79.76,4,0,22.3328
2095,US-2015-164357,11/25/2015,11/29/2015,Standard Class,SF-20065,Sandra Flanagan,Consumer,United States,Wilmington,North Carolina,28403,South,OFF-AR-10001177,Office Supplies,Art,Newell 349,13.12,5,0.2,1.476
385,US-2015-168935,11/27/2015,12/2/2015,Standard Class,DO-13435,Denny Ordway,Consumer,United States,Pembroke Pines,Florida,33024,South,FUR-TA-10000617,Furniture,Tables,"Hon Practical Foundations 30 x 60 Training Table, Light Gray/Charcoal",375.4575,3,0.45,-157.0095
4338,CA-2015-125234,11/27/2015,12/1/2015,Standard Class,SN-20710,Steve Nguyen,Home Office,United States,Los Angeles,California,90049,West,TEC-AC-10000158,Technology,Accessories,Sony 64GB Class 10 Micro SDHC R40 Memory Card,107.97,3,0,22.6737
7673,CA-2015-130974,11/27/2015,11/29/2015,Second Class,MA-17560,Matt Abelman,Home Office,United States,Everett,Massachusetts,2149,East,FUR-FU-10002506,Furniture,Furnishings,"Tensor ""Hersey Kiss"" Styled Floor Lamp",38.97,3,0,4.6764
3865,CA-2015-157133,11/28/2015,12/3/2015,Standard Class,LC-16885,Lena Creighton,Consumer,United States,Champaign,Illinois,61821,Central,FUR-FU-10004904,Furniture,Furnishings,"Eldon ""L"" Workstation Diamond Chairmat",151.96,5,0.6,-182.352
9555,CA-2015-111612,11/28/2015,12/2/2015,Standard Class,EB-14110,Eugene Barchas,Consumer,United States,Columbus,Ohio,43229,East,FUR-FU-10003799,Furniture,Furnishings,"Seth Thomas 13 1/2"" Wall Clock",71.12,5,0.2,9.779
1082,CA-2015-110016,11/29/2015,12/4/2015,Standard Class,BT-11395,Bill Tyler,Corporate,United States,Detroit,Michigan,48227,Central,FUR-CH-10002880,Furniture,Chairs,"Global High-Back Leather Tilter, Burgundy",1106.91,9,0,121.7601
2136,CA-2015-122210,11/30/2015,12/4/2015,Standard Class,WB-21850,William Brown,Consumer,United States,Philadelphia,Pennsylvania,19134,East,TEC-PH-10002807,Technology,Phones,Motorla HX550 Universal Bluetooth Headset,94.92,4,0.4,15.82
7655,CA-2015-107685,11/30/2015,12/2/2015,Second Class,JM-15865,John Murray,Consumer,United States,Las Vegas,Nevada,89115,West,FUR-FU-10002813,Furniture,Furnishings,"DAX Contemporary Wood Frame with Silver Metal Mat, Desktop, 11 x 14 Size",80.96,4,0,29.1456
1474,US-2015-105676,12/1/2015,12/2/2015,Same Day,NM-18520,Neoma Murray,Consumer,United States,Houston,Texas,77036,Central,FUR-FU-10004270,Furniture,Furnishings,"Eldon Image Series Desk Accessories, Burgundy",6.688,4,0.6,-4.0128
6883,CA-2015-137113,12/1/2015,12/5/2015,Second Class,TW-21025,Tamara Willingham,Home Office,United States,Seattle,Washington,98105,West,OFF-ST-10002554,Office Supplies,Storage,Tennsco Industrial Shelving,146.73,3,0,2.9346
388,CA-2015-122756,12/3/2015,12/7/2015,Standard Class,DK-13225,Dean Katz,Corporate,United States,Philadelphia,Pennsylvania,19140,East,FUR-FU-10001935,Furniture,Furnishings,3M Hangers With Command Adhesive,2.96,1,0.2,0.777
8987,CA-2015-123092,12/3/2015,12/7/2015,Standard Class,JG-15115,Jack Garza,Consumer,United States,Jacksonville,North Carolina,28540,South,OFF-BI-10001718,Office Supplies,Binders,GBC DocuBind P50 Personal Binding Machine,95.97,5,0.7,-73.577
3376,CA-2015-161718,12/4/2015,12/10/2015,Standard Class,SO-20335,Sean O'Donnell,Consumer,United States,Hempstead,New York,11550,East,TEC-PH-10000376,Technology,Phones,Square Credit Card Reader,39.96,4,0,10.3896
4357,CA-2015-155600,12/4/2015,12/7/2015,Second Class,RO-19780,Rose O'Brian,Consumer,United States,Clarksville,Tennessee,37042,South,OFF-AR-10003752,Office Supplies,Art,Deluxe Chalkboard Eraser Cleaner,36.96,4,0.2,12.012
4157,CA-2015-101091,12/5/2015,12/9/2015,Second Class,SW-20245,Scot Wooten,Consumer,United States,Philadelphia,Pennsylvania,19140,East,TEC-AC-10003280,Technology,Accessories,Belkin F8E887 USB Wired Ergonomic Keyboard,47.984,2,0.2,0.5998
8548,CA-2015-149566,12/5/2015,12/10/2015,Standard Class,GB-14530,George Bell,Corporate,United States,Los Angeles,California,90049,West,TEC-AC-10001266,Technology,Accessories,Memorex Micro Travel Drive 8 GB,39,3,0,17.55
1522,CA-2015-144806,12/6/2015,12/11/2015,Standard Class,GH-14425,Gary Hwang,Consumer,United States,Tucson,Arizona,85705,West,FUR-FU-10002253,Furniture,Furnishings,"Howard Miller 13"" Diameter Pewter Finish Round Wall Clock",206.112,6,0.2,48.9516
2224,CA-2015-131884,12/6/2015,12/6/2015,Same Day,DK-13375,Dennis Kane,Consumer,United States,Marion,Ohio,43302,East,FUR-CH-10004860,Furniture,Chairs,Global Low Back Tilter Chair,70.686,1,0.3,-24.2352
5559,US-2015-114741,12/6/2015,12/10/2015,Standard Class,IL-15100,Ivan Liston,Consumer,United States,North Las Vegas,Nevada,89031,West,OFF-PA-10000048,Office Supplies,Paper,Xerox 20,6.48,1,0,3.1104
539,CA-2015-134894,12/7/2015,12/11/2015,Standard Class,DK-12985,Darren Koutras,Consumer,United States,Henderson,Kentucky,42420,South,OFF-AP-10001271,Office Supplies,Appliances,Eureka The Boss Cordless Rechargeable Stick Vac,152.94,3,0,41.2938
4979,CA-2015-165050,12/7/2015,12/9/2015,First Class,AH-10210,Alan Hwang,Consumer,United States,New York City,New York,10024,East,TEC-PH-10001336,Technology,Phones,Digium D40 VoIP phone,773.94,6,0,224.4426
8626,CA-2015-156118,12/8/2015,12/12/2015,Standard Class,HG-14965,Henry Goldwyn,Corporate,United States,Colorado Springs,Colorado,80906,West,OFF-PA-10000533,Office Supplies,Paper,Southworth Parchment Paper & Envelopes,15.696,3,0.2,5.1012
4007,US-2015-168732,12/10/2015,12/16/2015,Standard Class,KM-16660,Khloe Miller,Consumer,United States,Roswell,Georgia,30076,South,OFF-PA-10000520,Office Supplies,Paper,Xerox 201,25.92,4,0,12.4416
5692,US-2015-138093,12/10/2015,12/16/2015,Standard Class,KM-16225,Kalyca Meade,Corporate,United States,Baltimore,Maryland,21215,East,OFF-PA-10001509,Office Supplies,Paper,"Recycled Desk Saver Line ""While You Were Out"" Book, 5 1/2"" X 4""",44.75,5,0,20.585
8438,CA-2015-112823,12/10/2015,12/16/2015,Standard Class,RA-19945,Ryan Akin,Consumer,United States,Cleveland,Ohio,44105,East,TEC-AC-10002550,Technology,Accessories,Maxell 4.7GB DVD-RW 3/Pack,25.488,2,0.2,4.4604
4787,CA-2015-104346,12/11/2015,12/16/2015,Standard Class,IM-15070,Irene Maddox,Consumer,United States,Colorado Springs,Colorado,80906,West,OFF-AR-10001545,Office Supplies,Art,Newell 326,4.224,3,0.2,0.4752
8293,CA-2015-106362,12/11/2015,12/15/2015,Standard Class,LC-16885,Lena Creighton,Consumer,United States,Troy,Ohio,45373,East,OFF-BI-10003166,Office Supplies,Binders,GBC Plasticlear Binding Covers,10.332,3,0.7,-7.5768
2389,CA-2015-145065,12/12/2015,12/15/2015,First Class,DK-13375,Dennis Kane,Consumer,United States,San Diego,California,92105,West,OFF-BI-10002437,Office Supplies,Binders,Recycled Premium Regency Composition Covers,24.448,2,0.2,8.8624
6240,CA-2015-134075,12/12/2015,12/16/2015,Standard Class,HA-14905,Helen Abelman,Consumer,United States,San Jose,California,95123,West,OFF-ST-10001496,Office Supplies,Storage,Standard Rollaway File with Lock,360.38,2,0,93.6988
1818,CA-2015-125423,12/13/2015,12/15/2015,Second Class,MC-17575,Matt Collins,Consumer,United States,Los Angeles,California,90036,West,OFF-LA-10001771,Office Supplies,Labels,Avery 513,9.96,2,0,4.5816
1982,CA-2015-119592,12/14/2015,12/16/2015,Second Class,MM-18280,Muhammed MacIntyre,Corporate,United States,Columbus,Georgia,31907,South,OFF-BI-10004187,Office Supplies,Binders,3-ring staple pack,3.76,2,0,1.8048
9376,CA-2015-126347,12/14/2015,12/19/2015,Second Class,AJ-10945,Ashley Jarboe,Consumer,United States,Los Angeles,California,90045,West,TEC-AC-10003063,Technology,Accessories,Micro Innovations USB RF Wireless Keyboard with Mouse,50,2,0,10.5
461,CA-2015-109638,12/15/2015,12/22/2015,Standard Class,JH-15985,Joseph Holt,Consumer,United States,Seattle,Washington,98115,West,TEC-AC-10004571,Technology,Accessories,Logitech G700s Rechargeable Gaming Mouse,899.91,9,0,377.9622
6873,CA-2015-162544,12/16/2015,12/19/2015,First Class,SG-20080,Sandra Glassco,Consumer,United States,Seattle,Washington,98105,West,OFF-PA-10004948,Office Supplies,Paper,Xerox 190,4.98,1,0,2.3406
6686,US-2015-129637,12/17/2015,12/22/2015,Standard Class,MC-18100,Mick Crebagga,Consumer,United States,Bloomington,Illinois,61701,Central,FUR-FU-10000965,Furniture,Furnishings,"Howard Miller 11-1/2"" Diameter Ridgewood Wall Clock",41.552,2,0.6,-19.7372
2262,US-2015-137960,12/18/2015,12/18/2015,Same Day,MW-18220,Mitch Webber,Consumer,United States,New York City,New York,10035,East,TEC-AC-10002253,Technology,Accessories,Imation Bio 8GB USB Flash Drive Imation Corp,166.24,1,0,24.936
1626,CA-2015-157084,12/19/2015,12/24/2015,Standard Class,JG-15160,James Galang,Consumer,United States,Los Angeles,California,90049,West,TEC-AC-10002049,Technology,Accessories,Plantronics Savi W720 Multi-Device Wireless Headset System,1265.85,3,0,556.974
6453,US-2015-110261,12/19/2015,12/23/2015,Second Class,PR-18880,Patrick Ryan,Consumer,United States,Glenview,Illinois,60025,Central,TEC-PH-10001750,Technology,Phones,Samsung Rugby III,158.376,3,0.2,13.8579
471,CA-2015-154144,12/20/2015,12/24/2015,Standard Class,MH-17785,Maya Herman,Corporate,United States,Lindenhurst,New York,11757,East,OFF-PA-10004071,Office Supplies,Paper,"Eaton Premium Continuous-Feed Paper, 25% Cotton, Letter Size, White, 1000 Shts/Box",55.48,1,0,26.6304
8670,CA-2015-158918,12/20/2015,12/25/2015,Second Class,AI-10855,Arianne Irving,Consumer,United States,Los Angeles,California,90036,West,OFF-PA-10004947,Office Supplies,Paper,Easy-staple paper,17.12,4,0,7.704
4334,CA-2015-112375,12/21/2015,12/27/2015,Standard Class,RD-19720,Roger Demir,Consumer,United States,Daytona Beach,Florida,32114,South,TEC-AC-10003237,Technology,Accessories,Memorex Micro Travel Drive 4 GB,50.88,6,0.2,14.628
4013,CA-2015-153612,12/22/2015,12/27/2015,Standard Class,BT-11305,Beth Thompson,Home Office,United States,Superior,Wisconsin,54880,Central,OFF-AR-10000203,Office Supplies,Art,Newell 336,17.12,4,0,4.9648
223,CA-2015-169397,12/24/2015,12/27/2015,First Class,JB-15925,Joni Blumstein,Consumer,United States,Dublin,Ohio,43017,East,FUR-FU-10000087,Furniture,Furnishings,"Executive Impressions 14"" Two-Color Numerals Wall Clock",72.704,4,0.2,19.0848
1371,US-2015-103471,12/24/2015,12/28/2015,Standard Class,JR-15670,Jim Radford,Consumer,United States,Colorado Springs,Colorado,80906,West,OFF-AR-10003405,Office Supplies,Art,"Dixon My First Ticonderoga Pencil, #2",14.04,3,0.2,1.5795
8990,US-2015-128587,12/24/2015,12/30/2015,Standard Class,HM-14860,Harry Marie,Corporate,United States,Springfield,Missouri,65807,Central,FUR-FU-10003026,Furniture,Furnishings,"Eldon Regeneration Recycled Desk Accessories, Black",9.68,2,0,3.7752
4112,CA-2015-153717,12/25/2015,1/1/2016,Standard Class,DL-13495,Dionis Lloyd,Corporate,United States,Detroit,Michigan,48227,Central,OFF-PA-10002160,Office Supplies,Paper,Xerox 1978,17.34,3,0,8.4966
7156,US-2015-136749,12/25/2015,12/27/2015,Second Class,LH-16900,Lena Hernandez,Consumer,United States,Columbus,Georgia,31907,South,OFF-BI-10004492,Office Supplies,Binders,Tuf-Vin Binders,157.9,5,0,74.213
7100,CA-2015-124933,12/26/2015,12/30/2015,Second Class,DF-13135,David Flashing,Consumer,United States,New York City,New York,10009,East,OFF-PA-10003302,Office Supplies,Paper,Xerox 1906,212.64,6,0,99.9408
1095,CA-2015-165085,12/27/2015,12/31/2015,Standard Class,BT-11485,Brad Thomas,Home Office,United States,Clinton,Maryland,20735,East,OFF-AP-10002518,Office Supplies,Appliances,Kensington 7 Outlet MasterPiece Power Center,355.96,2,0,103.2284
7650,CA-2015-101889,12/27/2015,12/31/2015,Standard Class,DB-13120,David Bremer,Corporate,United States,Marion,Ohio,43302,East,FUR-TA-10004154,Furniture,Tables,"Riverside Furniture Oval Coffee Table, Oval End Table, End Table with Drawer",1548.99,9,0.4,-464.697
9680,CA-2015-130113,12/27/2015,12/31/2015,Standard Class,AH-10030,Aaron Hawkins,Corporate,United States,San Francisco,California,94122,West,OFF-ST-10000046,Office Supplies,Storage,Fellowes Super Stor/Drawer Files,323.1,2,0,61.389
6011,CA-2015-135580,12/30/2015,1/3/2016,Standard Class,CL-12565,Clay Ludtke,Consumer,United States,Los Angeles,California,90049,West,TEC-MA-10004002,Technology,Machines,Zebra GX420t Direct Thermal/Thermal Transfer Printer,2548.56,6,0.2,286.713
2323,CA-2015-109470,12/31/2015,1/3/2016,Second Class,KC-16255,Karen Carlisle,Corporate,United States,Henderson,Kentucky,42420,South,OFF-BI-10001072,Office Supplies,Binders,"GBC Clear Cover, 8-1/2 x 11, unpunched, 25 covers per pack",60.64,4,0,27.8944
4919,CA-2016-160304,1/2/2016,1/7/2016,Standard Class,BM-11575,Brendan Murry,Corporate,United States,Gaithersburg,Maryland,20877,East,FUR-BO-10004709,Furniture,Bookcases,"Bush Westfield Collection Bookcases, Medium Cherry Finish",173.94,3,0,38.2668
9495,CA-2016-105207,1/3/2016,1/8/2016,Standard Class,BO-11350,Bill Overfelt,Corporate,United States,Broken Arrow,Oklahoma,74012,Central,OFF-BI-10004364,Office Supplies,Binders,Storex Dura Pro Binders,11.88,2,0,5.346
2162,CA-2016-101938,1/7/2016,1/12/2016,Standard Class,DW-13480,Dianna Wilson,Home Office,United States,Oakland,California,94601,West,OFF-AR-10003696,Office Supplies,Art,Panasonic KP-350BK Electric Pencil Sharpener with Auto Stop,34.58,1,0,10.0282
7810,US-2016-137295,1/8/2016,1/13/2016,Standard Class,VS-21820,Vivek Sundaresam,Consumer,United States,Raleigh,North Carolina,27604,South,TEC-PH-10004080,Technology,Phones,Avaya 5410 Digital phone,108.784,2,0.2,10.8784
1026,CA-2016-126529,1/11/2016,1/13/2016,Second Class,DE-13255,Deanra Eno,Home Office,United States,Springfield,Ohio,45503,East,OFF-PA-10001166,Office Supplies,Paper,Xerox 2,15.552,3,0.2,5.4432
2879,CA-2016-152072,1/15/2016,1/19/2016,Standard Class,Dp-13240,Dean percer,Home Office,United States,Westfield,New Jersey,7090,East,OFF-AR-10001573,Office Supplies,Art,American Pencil,4.66,2,0,1.3514
26,CA-2016-121755,1/16/2016,1/20/2016,Second Class,EH-13945,Eric Hoffmann,Consumer,United States,Los Angeles,California,90049,West,OFF-BI-10001634,Office Supplies,Binders,Wilson Jones Active Use Binders,11.648,2,0.2,4.2224
2877,US-2016-167339,1/21/2016,1/23/2016,Second Class,TD-20995,Tamara Dahlen,Consumer,United States,San Diego,California,92037,West,FUR-CH-10000785,Furniture,Chairs,Global Ergonomic Managers Chair,1013.488,7,0.2,76.0116
5752,CA-2016-125850,1/22/2016,1/28/2016,Standard Class,FP-14320,Frank Preis,Consumer,United States,San Diego,California,92037,West,OFF-LA-10003498,Office Supplies,Labels,Avery 475,44.4,3,0,22.2
9148,US-2016-165505,1/23/2016,1/27/2016,Standard Class,CB-12535,Claudia Bergmann,Corporate,United States,Burlington,Vermont,05408,East,OFF-AR-10003477,Office Supplies,Art,4009 Highlighters,8.04,6,0,2.7336
9360,CA-2016-168046,1/25/2016,1/28/2016,Second Class,JD-15895,Jonathan Doherty,Corporate,United States,New York City,New York,10024,East,FUR-FU-10000747,Furniture,Furnishings,Tenex B1-RE Series Chair Mats for Low Pile Carpets,45.98,1,0,7.8166
7565,US-2016-166660,1/30/2016,2/1/2016,Second Class,TB-21250,Tim Brockman,Consumer,United States,Seattle,Washington,98103,West,FUR-CH-10001190,Furniture,Chairs,Global Deluxe High-Back Office Chair in Storm,435.168,4,0.2,-59.8356
5000,CA-2016-129238,1/31/2016,2/4/2016,Standard Class,SC-20050,Sample Company A,Home Office,United States,Los Angeles,California,90045,West,OFF-PA-10002764,Office Supplies,Paper,Easy-staple paper,56.7,5,0,27.783
5614,CA-2016-147431,2/2/2016,2/7/2016,Standard Class,AB-10105,Adrian Barton,Consumer,United States,New York City,New York,10011,East,OFF-ST-10003994,Office Supplies,Storage,"Belkin 19"" Center-Weighted Shelf, Gray",117.96,2,0,5.898
9068,CA-2016-150077,2/4/2016,2/10/2016,Standard Class,MS-17365,Maribeth Schnelling,Consumer,United States,Rockville,Maryland,20852,East,TEC-PH-10002890,Technology,Phones,AT&T 17929 Lendline Telephone,90.48,2,0,23.5248
1388,US-2016-108504,2/5/2016,2/5/2016,Same Day,PP-18955,Paul Prost,Home Office,United States,Smyrna,Georgia,30080,South,OFF-EN-10003001,Office Supplies,Envelopes,Ames Color-File Green Diamond Border X-ray Mailers,167.96,2,0,78.9412
8143,CA-2016-100993,2/5/2016,2/10/2016,Standard Class,AZ-10750,Annie Zypern,Consumer,United States,San Diego,California,92037,West,OFF-ST-10004340,Office Supplies,Storage,"Fellowes Mobile File Cart, Black",186.54,3,0,50.3658
9115,CA-2016-135461,2/7/2016,2/10/2016,Second Class,EB-13975,Erica Bern,Corporate,United States,Los Angeles,California,90049,West,TEC-PH-10004094,Technology,Phones,Motorola L703CM,623.96,5,0.2,38.9975
7195,CA-2016-110492,2/12/2016,2/14/2016,First Class,JS-15880,John Stevenson,Consumer,United States,Atlanta,Georgia,30318,South,OFF-BI-10003274,Office Supplies,Binders,"Avery Durable Slant Ring Binders, No Labels",15.92,4,0,7.4824
1243,US-2016-162859,2/15/2016,2/22/2016,Standard Class,PG-18820,Patrick Gardner,Consumer,United States,New York City,New York,10009,East,OFF-BI-10004519,Office Supplies,Binders,GBC DocuBind P100 Manual Binding Machine,398.352,3,0.2,124.485
9079,CA-2016-108105,2/16/2016,2/23/2016,Standard Class,GW-14605,Giulietta Weimer,Consumer,United States,Henderson,Kentucky,42420,South,FUR-FU-10003773,Furniture,Furnishings,Eldon Cleatmat Plus Chair Mats for High Pile Carpets,318.08,4,0,34.9888
4778,CA-2016-101630,2/19/2016,2/23/2016,Second Class,CK-12760,Cyma Kinney,Corporate,United States,Long Beach,New York,11561,East,OFF-SU-10001664,Office Supplies,Supplies,Acme Office Executive Series Stainless Steel Trimmers,25.71,3,0,6.6846
5306,US-2016-168410,2/21/2016,2/26/2016,Standard Class,BV-11245,Benjamin Venier,Corporate,United States,Oceanside,New York,11572,East,FUR-FU-10000629,Furniture,Furnishings,9-3/4 Diameter Round Wall Clock,68.95,5,0,28.959
2345,CA-2016-119025,2/22/2016,2/28/2016,Standard Class,PV-18985,Paul Van Hugh,Home Office,United States,Milwaukee,Wisconsin,53209,Central,OFF-AP-10001205,Office Supplies,Appliances,Belkin 5 Outlet SurgeMaster Power Centers,490.32,9,0,137.2896
4555,CA-2016-101448,2/27/2016,3/1/2016,Second Class,EB-13930,Eric Barreto,Consumer,United States,La Crosse,Wisconsin,54601,Central,OFF-BI-10004738,Office Supplies,Binders,Flexible Leather- Look Classic Collection Ring Binder,56.82,3,0,28.41
1086,US-2016-143819,3/1/2016,3/5/2016,Standard Class,KD-16270,Karen Daniels,Consumer,United States,Yonkers,New York,10701,East,TEC-MA-10003979,Technology,Machines,Ativa V4110MDD Micro-Cut Shredder,4899.93,7,0,2400.9657
3887,CA-2016-167759,3/3/2016,3/8/2016,Second Class,CC-12670,Craig Carreira,Consumer,United States,Bloomington,Indiana,47401,Central,TEC-PH-10003171,Technology,Phones,Plantronics Encore H101 Dual Earpieces Headset,134.85,3,0,37.758
5200,CA-2016-103982,3/3/2016,3/8/2016,Standard Class,AA-10315,Alex Avila,Consumer,United States,Round Rock,Texas,78664,Central,OFF-FA-10001332,Office Supplies,Fasteners,"Acco Banker's Clasps, 5 3/4""-Long",2.304,1,0.2,0.7776
919,CA-2016-165218,3/5/2016,3/11/2016,Standard Class,RW-19630,Rob Williams,Corporate,United States,Dallas,Texas,75220,Central,OFF-EN-10000056,Office Supplies,Envelopes,Cameo Buff Policy Envelopes,149.352,3,0.2,50.4063
8984,CA-2016-110898,3/6/2016,3/12/2016,Standard Class,LC-16870,Lena Cacioppo,Consumer,United States,Chicago,Illinois,60623,Central,FUR-FU-10003773,Furniture,Furnishings,Eldon Cleatmat Plus Chair Mats for High Pile Carpets,159.04,5,0.6,-194.824
6418,CA-2016-111976,3/8/2016,3/12/2016,Standard Class,BD-11620,Brian DeCherney,Consumer,United States,Philadelphia,Pennsylvania,19120,East,OFF-FA-10004968,Office Supplies,Fasteners,Rubber Band Ball,5.984,2,0.2,-1.3464
8812,US-2016-140172,3/8/2016,3/13/2016,Standard Class,SP-20650,Stephanie Phelps,Corporate,United States,Jackson,Michigan,49201,Central,OFF-AP-10004233,Office Supplies,Appliances,Honeywell Enviracaire Portable Air Cleaner for up to 8 x 10 Room,207.144,3,0.1,48.3336
1876,US-2016-112977,3/10/2016,3/16/2016,Standard Class,CJ-12010,Caroline Jumper,Consumer,United States,Long Beach,New York,11561,East,FUR-BO-10003272,Furniture,Bookcases,O'Sullivan Living Dimensions 5-Shelf Bookcases,176.784,1,0.2,-22.098
45,CA-2016-118255,3/11/2016,3/13/2016,First Class,ON-18715,Odella Nelson,Corporate,United States,Eagan,Minnesota,55122,Central,TEC-AC-10000171,Technology,Accessories,"Verbatim 25 GB 6x Blu-ray Single Layer Recordable Disc, 25/Pack",45.98,2,0,19.7714
3607,CA-2016-119683,3/12/2016,3/16/2016,Second Class,CK-12595,Clytie Kelty,Consumer,United States,New York City,New York,10024,East,OFF-EN-10001099,Office Supplies,Envelopes,Staple envelope,29.34,3,0,13.4964
153,CA-2016-158834,3/13/2016,3/16/2016,First Class,TW-21025,Tamara Willingham,Home Office,United States,Scottsdale,Arizona,85254,West,TEC-PH-10001254,Technology,Phones,Jabra BIZ 2300 Duo QD Duo Corded Headset,203.184,2,0.2,15.2388
5884,CA-2016-136301,3/13/2016,3/15/2016,Second Class,EH-13765,Edward Hooks,Corporate,United States,San Francisco,California,94109,West,FUR-FU-10004712,Furniture,Furnishings,"Westinghouse Mesh Shade Clip-On Gooseneck Lamp, Black",28.28,2,0,7.3528
7420,US-2016-114013,3/13/2016,3/15/2016,Second Class,SC-20770,Stewart Carmichael,Corporate,United States,Philadelphia,Pennsylvania,19134,East,OFF-ST-10002574,Office Supplies,Storage,"SAFCO Commercial Wire Shelving, Black",552.56,5,0.2,-138.14
3930,CA-2016-162082,3/14/2016,3/17/2016,First Class,JS-15880,John Stevenson,Consumer,United States,Harlingen,Texas,78550,Central,OFF-PA-10001934,Office Supplies,Paper,Xerox 1993,5.184,1,0.2,1.8792
7649,CA-2016-138968,3/15/2016,3/16/2016,First Class,FC-14335,Fred Chung,Corporate,United States,San Francisco,California,94110,West,FUR-CH-10000309,Furniture,Chairs,Global Comet Stacking Arm Chair,1352.032,4,0.2,84.502
3738,CA-2016-115476,3/17/2016,3/17/2016,Same Day,VM-21835,Vivian Mathis,Consumer,United States,Newark,Delaware,19711,East,OFF-BI-10000962,Office Supplies,Binders,"Acco Flexible ACCOHIDE Square Ring Data Binder, Dark Blue, 11 1/2"" X 14"" 7/8""",32.54,2,0,15.9446
2226,CA-2016-106383,3/19/2016,3/21/2016,Second Class,BT-11440,Bobby Trafton,Consumer,United States,Littleton,Colorado,80122,West,FUR-BO-10002202,Furniture,Bookcases,"Atlantic Metals Mobile 2-Shelf Bookcases, Custom Colors",72.294,1,0.7,-98.8018
592,US-2016-156986,3/20/2016,3/24/2016,Standard Class,ZC-21910,Zuschuss Carroll,Consumer,United States,Salem,Oregon,97301,West,OFF-PA-10004101,Office Supplies,Paper,Xerox 1894,10.368,2,0.2,3.6288
3766,CA-2016-163153,3/21/2016,3/25/2016,Standard Class,DM-12955,Dario Medina,Corporate,United States,Houston,Texas,77036,Central,FUR-TA-10004767,Furniture,Tables,Safco Drafting Table,99.372,2,0.3,-1.4196
9131,CA-2016-130911,3/24/2016,3/26/2016,Second Class,DC-12850,Dan Campbell,Consumer,United States,Cleveland,Ohio,44105,East,OFF-AR-10000475,Office Supplies,Art,"Hunt BOSTON Vista Battery-Operated Pencil Sharpener, Black",18.656,2,0.2,1.6324
9019,CA-2016-161361,3/26/2016,3/28/2016,Second Class,MV-17485,Mark Van Huff,Consumer,United States,Pocatello,Idaho,83201,West,OFF-BI-10002215,Office Supplies,Binders,"Wilson Jones Hanging View Binder, White, 1""",17.04,3,0.2,5.538
3551,CA-2016-152555,3/29/2016,4/2/2016,Second Class,ME-17320,Maria Etezadi,Home Office,United States,Chicago,Illinois,60653,Central,OFF-PA-10001295,Office Supplies,Paper,Computer Printout Paper with Letter-Trim Perforations,45.528,3,0.2,15.9348
6382,CA-2016-127236,3/29/2016,4/2/2016,Standard Class,TB-21595,Troy Blackwell,Consumer,United States,Springfield,Ohio,45503,East,FUR-BO-10004015,Furniture,Bookcases,"Bush Andora Bookcase, Maple/Graphite Gray Finish",299.975,5,0.5,-167.986
449,CA-2016-166674,4/1/2016,4/3/2016,Second Class,RB-19360,Raymond Buch,Consumer,United States,Auburn,New York,13021,East,OFF-ST-10001469,Office Supplies,Storage,Fellowes Bankers Box Recycled Super Stor/Drawer,161.94,3,0,9.7164
3967,CA-2016-149902,4/1/2016,4/6/2016,Standard Class,DW-13540,Don Weiss,Consumer,United States,New York City,New York,10024,East,OFF-AR-10002956,Office Supplies,Art,Boston 16801 Nautilus Battery Pencil Sharpener,88.04,4,0,22.8904
5643,CA-2016-127985,4/1/2016,4/5/2016,Second Class,DB-12910,Daniel Byrd,Home Office,United States,Columbus,Georgia,31907,South,FUR-FU-10003274,Furniture,Furnishings,Regeneration Desk Collection,7.04,4,0,3.0976
4243,CA-2016-159142,4/4/2016,4/5/2016,First Class,ME-17320,Maria Etezadi,Home Office,United States,Springfield,Virginia,22153,South,TEC-PH-10001448,Technology,Phones,Anker Astro 15000mAh USB Portable Charger,149.97,3,0,5.9988
9316,CA-2016-161907,4/5/2016,4/9/2016,Standard Class,JH-16180,Justin Hirsh,Consumer,United States,Philadelphia,Pennsylvania,19140,East,TEC-PH-10000141,Technology,Phones,Clearsounds A400,118.782,3,0.4,-27.7158
9935,CA-2016-114405,4/7/2016,4/12/2016,Standard Class,AS-10240,Alan Shonely,Consumer,United States,Philadelphia,Pennsylvania,19120,East,OFF-AP-10003278,Office Supplies,Appliances,Belkin 7-Outlet SurgeMaster Home Series,33.528,3,0.2,2.5146
905,CA-2016-130477,4/8/2016,4/12/2016,Standard Class,LC-17140,Logan Currie,Consumer,United States,Los Angeles,California,90032,West,OFF-ST-10002583,Office Supplies,Storage,Fellowes Neat Ideas Storage Cubes,64.96,2,0,2.5984
4196,CA-2016-124233,4/8/2016,4/14/2016,Standard Class,CK-12595,Clytie Kelty,Consumer,United States,Los Angeles,California,90032,West,FUR-FU-10002597,Furniture,Furnishings,"C-Line Magnetic Cubicle Keepers, Clear Polypropylene",24.7,5,0,10.374
3054,CA-2016-128517,4/9/2016,4/14/2016,Second Class,SW-20350,Sean Wendt,Home Office,United States,Detroit,Michigan,48227,Central,TEC-PH-10002555,Technology,Phones,Nortel Meridian M5316 Digital phone,517.9,2,0,134.654
6737,CA-2016-123358,4/10/2016,4/17/2016,Standard Class,BT-11680,Brian Thompson,Consumer,United States,San Francisco,California,94122,West,OFF-ST-10001932,Office Supplies,Storage,Fellowes Staxonsteel Drawer Files,579.51,3,0,81.1314
5775,CA-2016-142398,4/12/2016,4/16/2016,Standard Class,BP-11290,Beth Paige,Consumer,United States,Los Angeles,California,90036,West,FUR-CH-10001545,Furniture,Chairs,Hon Comfortask Task/Swivel Chairs,638.288,7,0.2,-31.9144
9137,CA-2016-124254,4/12/2016,4/17/2016,Standard Class,TB-21175,Thomas Boland,Corporate,United States,Wilson,North Carolina,27893,South,OFF-PA-10000807,Office Supplies,Paper,"TOPS ""Important Message"" Pads, Canary, 4-1/4 x 5-1/2, 50 Sheets per Pad",10.272,3,0.2,3.4668
430,US-2016-123750,4/15/2016,4/21/2016,Standard Class,RB-19795,Ross Baird,Home Office,United States,Gastonia,North Carolina,28052,South,OFF-BI-10004584,Office Supplies,Binders,GBC ProClick 150 Presentation Binding System,189.588,2,0.7,-145.3508
2253,CA-2016-117849,4/15/2016,4/17/2016,Second Class,JK-16120,Julie Kriz,Home Office,United States,San Diego,California,92105,West,OFF-PA-10004327,Office Supplies,Paper,Xerox 1911,143.7,3,0,68.976
7131,CA-2016-166282,4/16/2016,4/22/2016,Standard Class,PK-19075,Pete Kriz,Consumer,United States,Nashville,Tennessee,37211,South,OFF-PA-10003022,Office Supplies,Paper,Standard Line While You Were Out Hardbound Telephone Message Book,123.088,7,0.2,40.0036
2423,CA-2016-155551,4/18/2016,4/23/2016,Standard Class,CR-12580,Clay Rozendal,Home Office,United States,Elmhurst,Illinois,60126,Central,OFF-PA-10001560,Office Supplies,Paper,"Adams Telephone Message Books, 5 1/4 x 11",9.664,2,0.2,3.2616
9679,CA-2016-144785,4/18/2016,4/23/2016,Standard Class,CS-12490,Cindy Schnelling,Corporate,United States,New York City,New York,10009,East,OFF-SU-10004290,Office Supplies,Supplies,"Acme Design Line 8"" Stainless Steel Bent Scissors w/Champagne Handles, 3-1/8"" Cut",6.84,1,0,1.8468
1609,US-2016-115819,4/19/2016,4/24/2016,Second Class,JO-15280,Jas O'Carroll,Consumer,United States,Los Angeles,California,90049,West,OFF-PA-10002377,Office Supplies,Paper,"Adams Telephone Message Book W/Dividers/Space For Phone Numbers, 5 1/4""X8 1/2"", 200/Messages",22.72,4,0,10.224
7113,CA-2016-109666,4/19/2016,4/26/2016,Standard Class,KM-16720,Kunst Miller,Consumer,United States,New York City,New York,10035,East,OFF-SU-10001218,Office Supplies,Supplies,Fiskars Softgrip Scissors,54.9,5,0,15.372
9207,CA-2016-146423,4/21/2016,4/21/2016,Same Day,BT-11680,Brian Thompson,Consumer,United States,Milford,Connecticut,6460,East,OFF-PA-10003797,Office Supplies,Paper,Xerox 209,51.84,8,0,24.8832
1577,CA-2016-109057,4/22/2016,4/27/2016,Standard Class,TT-21460,Tonja Turnell,Home Office,United States,Aurora,Illinois,60505,Central,OFF-ST-10002406,Office Supplies,Storage,Pizazz Global Quick File,23.952,2,0.2,2.3952
2829,CA-2016-124149,4/23/2016,4/26/2016,First Class,MJ-17740,Max Jones,Consumer,United States,Lancaster,Ohio,43130,East,OFF-PA-10002421,Office Supplies,Paper,Embossed Ink Jet Note Cards,108.336,6,0.2,37.9176
4987,CA-2016-149279,4/24/2016,4/28/2016,Standard Class,CL-12700,Craig Leslie,Home Office,United States,Colorado Springs,Colorado,80906,West,OFF-PA-10003441,Office Supplies,Paper,Xerox 226,15.552,3,0.2,5.4432
611,CA-2016-161816,4/28/2016,5/1/2016,First Class,NB-18655,Nona Balk,Corporate,United States,Dallas,Texas,75217,Central,TEC-PH-10003012,Technology,Phones,Nortel Meridian M3904 Professional Digital phone,369.576,3,0.2,41.5773
2542,CA-2016-144792,4/30/2016,5/4/2016,Standard Class,KD-16615,Ken Dana,Corporate,United States,Scottsdale,Arizona,85254,West,FUR-FU-10002759,Furniture,Furnishings,12-1/2 Diameter Round Wall Clock,111.888,7,0.2,22.3776
1278,CA-2016-148698,5/2/2016,5/7/2016,Standard Class,BD-11770,Bryan Davis,Consumer,United States,Houston,Texas,77070,Central,OFF-AR-10004022,Office Supplies,Art,Panasonic KP-380BK Classic Electric Pencil Sharpener,86.352,3,0.2,5.397
8505,CA-2016-109400,5/2/2016,5/6/2016,Standard Class,NR-18550,Nick Radford,Consumer,United States,Amarillo,Texas,79109,Central,FUR-CH-10003298,Furniture,Chairs,"Office Star - Contemporary Task Swivel chair with Loop Arms, Charcoal",366.744,4,0.3,-110.0232
4438,CA-2016-163398,5/3/2016,5/8/2016,Standard Class,CB-12415,Christy Brittain,Consumer,United States,Chicago,Illinois,60653,Central,OFF-AP-10002403,Office Supplies,Appliances,Acco Smartsocket Color-Coded Six-Outlet AC Adapter Model Surge Protectors,26.406,3,0.8,-71.2962
1358,CA-2016-145247,5/5/2016,5/7/2016,First Class,ND-18370,Natalie DeCherney,Consumer,United States,Louisville,Kentucky,40214,South,OFF-PA-10003641,Office Supplies,Paper,Xerox 1909,79.14,3,0,36.4044
5696,CA-2016-126165,5/5/2016,5/7/2016,Second Class,AH-10465,Amy Hunt,Consumer,United States,San Francisco,California,94109,West,FUR-TA-10001676,Furniture,Tables,Hon 61000 Series Interactive Training Tables,71.088,2,0.2,-1.7772
2382,CA-2016-118052,5/6/2016,5/10/2016,Standard Class,BE-11455,Brad Eason,Home Office,United States,Lorain,Ohio,44052,East,FUR-FU-10004848,Furniture,Furnishings,DAX Solid Wood Frames,54.712,7,0.2,11.6263
2182,CA-2016-128818,5/7/2016,5/11/2016,Standard Class,CJ-12010,Caroline Jumper,Consumer,United States,New York City,New York,10009,East,FUR-CH-10002084,Furniture,Chairs,Hon Mobius Operator's Chair,442.764,4,0.1,59.0352
1633,CA-2016-106530,5/8/2016,5/8/2016,Same Day,CL-12565,Clay Ludtke,Consumer,United States,Cleveland,Ohio,44105,East,OFF-PA-10004451,Office Supplies,Paper,Xerox 222,10.368,2,0.2,3.6288
5583,CA-2016-161158,5/9/2016,5/13/2016,Standard Class,PS-18970,Paul Stevenson,Home Office,United States,New York City,New York,10024,East,OFF-AR-10000462,Office Supplies,Art,Sanford Pocket Accent Highlighters,8,5,0,3.44
8918,US-2016-144057,5/9/2016,5/13/2016,Standard Class,CV-12805,Cynthia Voltz,Corporate,United States,Austin,Texas,78745,Central,OFF-PA-10004327,Office Supplies,Paper,Xerox 1911,76.64,2,0.2,26.824
3772,US-2016-101196,5/12/2016,5/17/2016,Standard Class,FM-14215,Filia McAdams,Corporate,United States,Philadelphia,Pennsylvania,19140,East,OFF-ST-10004804,Office Supplies,Storage,"Belkin 19"" Vented Equipment Shelf, Black",82.368,2,0.2,-19.5624
4797,US-2016-148901,5/14/2016,5/19/2016,Standard Class,MK-17905,Michael Kennedy,Corporate,United States,Jacksonville,Florida,32216,South,OFF-BI-10001718,Office Supplies,Binders,GBC DocuBind P50 Personal Binding Machine,57.582,3,0.7,-44.1462
7280,CA-2016-108224,5/14/2016,5/14/2016,Same Day,TH-21235,Tiffany House,Corporate,United States,Yuma,Arizona,85364,West,TEC-AC-10003832,Technology,Accessories,Imation 16GB Mini TravelDrive USB 2.0 Flash Drive,185.528,7,0.2,48.7011
1336,CA-2016-122133,5/16/2016,5/23/2016,Standard Class,JR-15670,Jim Radford,Consumer,United States,Middletown,Connecticut,6457,East,OFF-ST-10002574,Office Supplies,Storage,"SAFCO Commercial Wire Shelving, Black",552.56,4,0,0
4706,CA-2016-158435,5/17/2016,5/18/2016,First Class,AG-10900,Arthur Gainer,Consumer,United States,Waterbury,Connecticut,6708,East,OFF-LA-10002475,Office Supplies,Labels,Avery 519,14.62,2,0,6.8714
1678,CA-2016-122728,5/18/2016,5/24/2016,Standard Class,EB-13930,Eric Barreto,Consumer,United States,San Francisco,California,94110,West,OFF-PA-10004040,Office Supplies,Paper,Universal Premium White Copier/Laser Paper (20Lb. and 87 Bright),17.94,3,0,8.7906
2499,CA-2016-126935,5/19/2016,5/24/2016,Standard Class,BT-11395,Bill Tyler,Corporate,United States,San Francisco,California,94109,West,OFF-BI-10004817,Office Supplies,Binders,GBC Personal VeloBind Strips,9.584,1,0.2,3.3544
3968,CA-2016-146010,5/20/2016,5/23/2016,First Class,EH-14125,Eugene Hildebrand,Home Office,United States,Colorado Springs,Colorado,80906,West,OFF-BI-10003638,Office Supplies,Binders,GBC Durable Plastic Covers,40.635,7,0.7,-32.508
9796,CA-2016-125920,5/21/2016,5/28/2016,Standard Class,SH-19975,Sally Hughsby,Corporate,United States,Chicago,Illinois,60610,Central,OFF-BI-10003429,Office Supplies,Binders,"Cardinal HOLDit! Binder Insert Strips,Extra Strips",3.798,3,0.8,-5.8869
4724,CA-2016-159653,5/22/2016,5/22/2016,Same Day,JF-15490,Jeremy Farry,Consumer,United States,Athens,Georgia,30605,South,OFF-LA-10004345,Office Supplies,Labels,Avery 493,14.73,3,0,7.2177
6428,CA-2016-143714,5/23/2016,5/27/2016,Standard Class,CC-12370,Christopher Conant,Consumer,United States,Philadelphia,Pennsylvania,19120,East,OFF-PA-10000029,Office Supplies,Paper,Xerox 224,10.368,2,0.2,3.6288
2988,CA-2016-139269,5/25/2016,5/30/2016,Standard Class,JB-16045,Julia Barnett,Home Office,United States,Columbus,Georgia,31907,South,OFF-ST-10000689,Office Supplies,Storage,"Fellowes Strictly Business Drawer File, Letter/Legal Size",1267.65,9,0,152.118
1641,CA-2016-157266,5/26/2016,6/1/2016,Standard Class,TB-21280,Toby Braunhardt,Consumer,United States,Washington,District of Columbia,20016,East,OFF-PA-10004675,Office Supplies,Paper,"Telephone Message Books with Fax/Mobile Section, 5 1/2"" x 3 3/16""",12.7,2,0,5.842
6608,CA-2016-148852,5/26/2016,5/31/2016,Standard Class,SV-20785,Stewart Visinsky,Consumer,United States,Santa Ana,California,92704,West,FUR-CH-10004860,Furniture,Chairs,Global Low Back Tilter Chair,484.704,6,0.2,-84.8232
5173,CA-2016-122903,5/27/2016,5/29/2016,Second Class,LA-16780,Laura Armstrong,Corporate,United States,Detroit,Michigan,48205,Central,OFF-PA-10000994,Office Supplies,Paper,Xerox 1915,314.55,3,0,150.984
3170,CA-2016-138695,5/28/2016,6/3/2016,Standard Class,KC-16675,Kimberly Carter,Corporate,United States,Tallahassee,Florida,32303,South,OFF-PA-10001667,Office Supplies,Paper,Great White Multi-Use Recycled Paper (20Lb. and 84 Bright),62.192,13,0.2,19.435
7315,CA-2016-121377,5/28/2016,6/2/2016,Standard Class,TN-21040,Tanja Norvell,Home Office,United States,Park Ridge,Illinois,60068,Central,TEC-PH-10001817,Technology,Phones,Wilson Electronics DB Pro Signal Booster,286.4,1,0.2,25.06
502,US-2016-105578,5/30/2016,6/4/2016,Standard Class,MY-17380,Maribeth Yedwab,Corporate,United States,Parker,Colorado,80134,West,OFF-BI-10001658,Office Supplies,Binders,GBC Standard Therm-A-Bind Covers,14.952,2,0.7,-11.9616
5302,CA-2016-113831,5/30/2016,6/3/2016,Standard Class,AH-10690,Anna Häberlin,Corporate,United States,Springfield,Virginia,22153,South,TEC-AC-10003033,Technology,Accessories,Plantronics CS510 - Over-the-Head monaural Wireless Headset System,1979.7,6,0,653.301
7257,CA-2016-152730,5/30/2016,6/4/2016,Standard Class,EM-14140,Eugene Moren,Home Office,United States,Superior,Wisconsin,54880,Central,OFF-AR-10003732,Office Supplies,Art,Newell 333,5.56,2,0,1.4456
8297,CA-2016-166380,5/30/2016,6/3/2016,Standard Class,EB-13750,Edward Becker,Corporate,United States,Arlington,Virginia,22204,South,TEC-AC-10000109,Technology,Accessories,Sony Micro Vault Click 16 GB USB 2.0 Flash Drive,111.98,2,0,26.8752
9631,CA-2016-168844,5/31/2016,6/6/2016,Standard Class,NM-18520,Neoma Murray,Consumer,United States,New York City,New York,10011,East,OFF-BI-10002609,Office Supplies,Binders,Avery Hidden Tab Dividers for Binding Systems,7.152,3,0.2,2.3244
70,CA-2016-119823,6/4/2016,6/6/2016,First Class,KD-16270,Karen Daniels,Consumer,United States,Springfield,Virginia,22153,South,OFF-PA-10000482,Office Supplies,Paper,"Snap-A-Way Black Print Carbonless Ruled Speed Letter, Triplicate",75.88,2,0,35.6636
244,CA-2016-157749,6/4/2016,6/9/2016,Second Class,KL-16645,Ken Lonsdale,Consumer,United States,Chicago,Illinois,60610,Central,OFF-AR-10004685,Office Supplies,Art,"Binney & Smith Crayola Metallic Colored Pencils, 8-Color Set",7.408,2,0.2,1.2038
3727,CA-2016-165169,6/5/2016,6/11/2016,Standard Class,JL-15235,Janet Lee,Consumer,United States,Newark,Delaware,19711,East,OFF-ST-10001496,Office Supplies,Storage,Standard Rollaway File with Lock,360.38,2,0,93.6988
434,CA-2016-127369,6/6/2016,6/7/2016,First Class,DB-13060,Dave Brooks,Consumer,United States,Lowell,Massachusetts,1852,East,OFF-ST-10003306,Office Supplies,Storage,Letter Size Cart,714.3,5,0,207.147
5537,US-2016-167472,6/6/2016,6/7/2016,First Class,CK-12595,Clytie Kelty,Consumer,United States,Little Rock,Arkansas,72209,South,OFF-BI-10000591,Office Supplies,Binders,Avery Binder Labels,11.67,3,0,5.6016
9898,CA-2016-112830,6/6/2016,6/10/2016,Standard Class,LP-17095,Liz Preis,Consumer,United States,Fairfield,Ohio,45014,East,FUR-FU-10004306,Furniture,Furnishings,Electrix Halogen Magnifier Lamp,466.32,3,0.2,34.974
2839,CA-2016-147368,6/9/2016,6/12/2016,First Class,TC-21295,Toby Carlisle,Consumer,United States,Tallahassee,Florida,32303,South,TEC-MA-10002178,Technology,Machines,Cisco CP-7937G Unified IP Conference Station Phone,695.7,2,0.5,-27.828
2428,CA-2016-169922,6/11/2016,6/17/2016,Standard Class,MZ-17515,Mary Zewe,Corporate,United States,Arlington,Texas,76017,Central,OFF-BI-10003784,Office Supplies,Binders,Computer Printout Index Tabs,1.344,4,0.8,-2.1504
8370,CA-2016-118745,6/11/2016,6/16/2016,Standard Class,SV-20365,Seth Vernon,Consumer,United States,Los Angeles,California,90049,West,FUR-TA-10003473,Furniture,Tables,Bretford Rectangular Conference Table Tops,902.712,3,0.2,33.8517
123,CA-2016-103730,6/12/2016,6/15/2016,First Class,SC-20725,Steven Cartwright,Consumer,United States,Wilmington,Delaware,19805,East,OFF-EN-10002500,Office Supplies,Envelopes,Globe Weis Peel & Seel First Class Envelopes,115.02,9,0,51.759
8224,CA-2016-104633,6/12/2016,6/16/2016,Standard Class,EA-14035,Erin Ashbrook,Corporate,United States,Pasadena,California,91104,West,OFF-PA-10000241,Office Supplies,Paper,"IBM Multi-Purpose Copy Paper, 8 1/2 x 11"", Case",185.88,6,0,83.646
8722,CA-2016-120824,6/12/2016,6/16/2016,Second Class,AW-10930,Arthur Wiediger,Home Office,United States,Houston,Texas,77070,Central,OFF-ST-10002562,Office Supplies,Storage,Staple magnet,67.536,9,0.2,6.7536
1101,CA-2016-107216,6/14/2016,6/17/2016,First Class,PV-18985,Paul Van Hugh,Home Office,United States,San Francisco,California,94122,West,TEC-AC-10001013,Technology,Accessories,Logitech ClearChat Comfort/USB Headset H390,29.29,1,0,9.6657
9060,CA-2016-132304,6/14/2016,6/18/2016,Standard Class,AR-10825,Anthony Rawles,Corporate,United States,Seattle,Washington,98103,West,FUR-TA-10004619,Furniture,Tables,Hon Non-Folding Utility Tables,1115.17,7,0,334.551
58,CA-2016-111682,6/17/2016,6/18/2016,First Class,TB-21055,Ted Butterfield,Consumer,United States,Troy,New York,12180,East,FUR-CH-10003968,Furniture,Chairs,Novimex Turbo Task Chair,319.41,5,0.1,7.098
6616,CA-2016-123512,6/17/2016,6/19/2016,First Class,MV-18190,Mike Vittorini,Consumer,United States,Los Angeles,California,90045,West,FUR-BO-10004218,Furniture,Bookcases,"Bush Heritage Pine Collection 5-Shelf Bookcase, Albany Pine Finish, *Special Order",239.666,2,0.15,14.098
7746,CA-2016-133613,6/17/2016,6/22/2016,Standard Class,CP-12340,Christine Phan,Corporate,United States,Waterbury,Connecticut,6708,East,OFF-AR-10003829,Office Supplies,Art,Newell 35,9.84,3,0,2.8536
48,CA-2016-169194,6/20/2016,6/25/2016,Standard Class,LH-16900,Lena Hernandez,Consumer,United States,Dover,Delaware,19901,East,TEC-AC-10002167,Technology,Accessories,Imation 8gb Micro Traveldrive Usb 2.0 Flash Drive,45,3,0,4.95
937,CA-2016-140081,6/20/2016,6/24/2016,Standard Class,CG-12040,Catherine Glotzbach,Home Office,United States,Philadelphia,Pennsylvania,19120,East,OFF-AP-10001058,Office Supplies,Appliances,Sanyo 2.5 Cubic Foot Mid-Size Office Refrigerators,447.696,2,0.2,33.5772
1946,CA-2016-108581,6/20/2016,6/26/2016,Standard Class,EA-14035,Erin Ashbrook,Corporate,United States,Carrollton,Texas,75007,Central,OFF-PA-10000809,Office Supplies,Paper,Xerox 206,10.368,2,0.2,3.6288
2085,CA-2016-140501,6/23/2016,6/28/2016,Standard Class,IM-15070,Irene Maddox,Consumer,United States,New York City,New York,10009,East,OFF-LA-10003510,Office Supplies,Labels,"Avery 4027 File Folder Labels for Dot Matrix Printers, 5000 Labels per Box, White",122.12,4,0,56.1752
6929,CA-2016-140382,6/23/2016,6/25/2016,Second Class,RD-19900,Ruben Dartt,Consumer,United States,San Francisco,California,94109,West,OFF-LA-10001934,Office Supplies,Labels,Avery 516,21.93,3,0,10.3071
9166,CA-2016-100300,6/24/2016,6/26/2016,Second Class,MJ-17740,Max Jones,Consumer,United States,San Diego,California,92037,West,TEC-MA-10000984,Technology,Machines,Okidata MB760 Printer,4476.8,4,0.2,503.64
7426,CA-2016-101693,6/25/2016,6/27/2016,Second Class,LC-17140,Logan Currie,Consumer,United States,Houston,Texas,77070,Central,FUR-CH-10001146,Furniture,Chairs,"Global Value Mid-Back Manager's Chair, Gray",85.246,2,0.3,-6.089
6506,CA-2016-152331,6/26/2016,6/30/2016,Standard Class,LD-16855,Lela Donovan,Corporate,United States,Chicago,Illinois,60653,Central,OFF-AR-10001547,Office Supplies,Art,Newell 311,5.304,3,0.2,0.4641
9025,CA-2016-102127,6/26/2016,7/2/2016,Standard Class,VP-21760,Victoria Pisteka,Corporate,United States,New York City,New York,10035,East,TEC-AC-10002018,Technology,Accessories,AmazonBasics 3-Button USB Wired Mouse,20.97,3,0,9.0171
3922,CA-2016-110044,6/28/2016,7/2/2016,Second Class,RF-19735,Roland Fjeld,Consumer,United States,Chicago,Illinois,60610,Central,TEC-PH-10001299,Technology,Phones,Polycom CX300 Desktop Phone USB VoIP phone,359.976,3,0.2,35.9976
6755,CA-2016-154767,6/28/2016,6/30/2016,Second Class,BP-11155,Becky Pak,Consumer,United States,Paterson,New Jersey,7501,East,OFF-AP-10002311,Office Supplies,Appliances,"Holmes Replacement Filter for HEPA Air Cleaner, Very Large Room, HEPA Filter",275.24,4,0,121.1056
4175,CA-2016-152163,7/1/2016,7/1/2016,Same Day,JF-15355,Jay Fein,Consumer,United States,Columbia,South Carolina,29203,South,OFF-BI-10003364,Office Supplies,Binders,Binding Machine Supplies,58.34,2,0,28.0032
8337,CA-2016-101469,7/2/2016,7/8/2016,Standard Class,KH-16360,Katherine Hughes,Consumer,United States,Arlington,Virginia,22204,South,OFF-AR-10003986,Office Supplies,Art,Avery Hi-Liter Pen Style Six-Color Fluorescent Set,7.7,2,0,3.157
4452,CA-2016-147137,7/4/2016,7/6/2016,First Class,AA-10645,Anna Andreadi,Consumer,United States,San Francisco,California,94109,West,FUR-FU-10000221,Furniture,Furnishings,"Master Caster Door Stop, Brown",25.4,5,0,8.636
725,CA-2016-114713,7/7/2016,7/12/2016,Standard Class,SC-20695,Steve Chapman,Corporate,United States,Hialeah,Florida,33012,South,OFF-SU-10004664,Office Supplies,Supplies,Acme Softgrip Scissors,45.584,7,0.2,5.1282
3984,CA-2016-135265,7/7/2016,7/9/2016,Second Class,CC-12370,Christopher Conant,Consumer,United States,Los Angeles,California,90045,West,TEC-CO-10003763,Technology,Copiers,Canon PC1060 Personal Laser Copier,2799.96,5,0.2,944.9865
8798,CA-2016-106397,7/7/2016,7/13/2016,Standard Class,MJ-17740,Max Jones,Consumer,United States,Orem,Utah,84057,West,OFF-AR-10004602,Office Supplies,Art,Boston KS Multi-Size Manual Pencil Sharpener,45.98,2,0,12.8744
3255,CA-2016-155474,7/8/2016,7/14/2016,Standard Class,CC-12220,Chris Cortes,Consumer,United States,Seattle,Washington,98105,West,TEC-PH-10001580,Technology,Phones,Logitech Mobile Speakerphone P710e - speaker phone,107.984,1,0.2,9.4486
536,CA-2016-126613,7/10/2016,7/16/2016,Standard Class,AA-10375,Allen Armold,Consumer,United States,Mesa,Arizona,85204,West,OFF-ST-10001325,Office Supplies,Storage,Sterilite Officeware Hinged File Box,16.768,2,0.2,1.4672
599,CA-2016-120180,7/14/2016,7/16/2016,First Class,TP-21130,Theone Pippenger,Consumer,United States,Philadelphia,Pennsylvania,19134,East,OFF-SU-10004115,Office Supplies,Supplies,Acme Stainless Steel Office Snips,11.632,2,0.2,1.0178
1306,CA-2016-101966,7/14/2016,7/16/2016,Second Class,BM-11785,Bryan Mills,Consumer,United States,Houston,Texas,77036,Central,TEC-PH-10003437,Technology,Phones,Blue Parrot B250XT Professional Grade Wireless Bluetooth Headset with,419.944,7,0.2,52.493
7224,CA-2016-109953,7/14/2016,7/18/2016,Standard Class,RB-19360,Raymond Buch,Consumer,United States,San Francisco,California,94122,West,TEC-PH-10004093,Technology,Phones,Panasonic Kx-TS550,110.376,3,0.2,12.4173
189,CA-2016-157000,7/16/2016,7/22/2016,Standard Class,AM-10360,Alice McCarthy,Corporate,United States,Grand Prairie,Texas,75051,Central,OFF-PA-10001950,Office Supplies,Paper,Southworth 25% Cotton Antique Laid Paper & Envelopes,20.016,3,0.2,6.255
6965,CA-2016-157161,7/16/2016,7/20/2016,Second Class,JD-15895,Jonathan Doherty,Corporate,United States,Columbia,South Carolina,29203,South,OFF-BI-10004728,Office Supplies,Binders,Wilson Jones Turn Tabs Binder Tool for Ring Binders,24.1,5,0,11.086
2048,CA-2016-131835,7/17/2016,7/21/2016,Standard Class,MC-17590,Matt Collister,Corporate,United States,Perth Amboy,New Jersey,8861,East,OFF-PA-10004071,Office Supplies,Paper,"Eaton Premium Continuous-Feed Paper, 25% Cotton, Letter Size, White, 1000 Shts/Box",55.48,1,0,26.6304
6275,US-2016-139087,7/17/2016,7/22/2016,Second Class,DK-13375,Dennis Kane,Consumer,United States,Seattle,Washington,98105,West,TEC-AC-10004595,Technology,Accessories,First Data TMFD35 PIN Pad,428.4,3,0,89.964
1201,CA-2016-114727,7/18/2016,7/24/2016,Standard Class,LS-16945,Linda Southworth,Corporate,United States,Denver,Colorado,80219,West,FUR-CH-10002335,Furniture,Chairs,Hon GuestStacker Chair,544.008,3,0.2,40.8006
4730,CA-2016-124681,7/18/2016,7/23/2016,Second Class,SV-20935,Susan Vittorini,Consumer,United States,Dallas,Texas,75217,Central,TEC-AC-10000487,Technology,Accessories,SanDisk Cruzer 4 GB USB Flash Drive,15.576,3,0.2,3.3099
5987,CA-2016-163776,7/19/2016,7/25/2016,Standard Class,JS-16030,Joy Smith,Consumer,United States,Hattiesburg,Mississippi,39401,South,OFF-ST-10002485,Office Supplies,Storage,Rogers Deluxe File Chest,87.92,4,0,0.8792
2071,CA-2016-146521,7/21/2016,7/23/2016,Second Class,CC-12610,Corey Catlett,Corporate,United States,Philadelphia,Pennsylvania,19134,East,OFF-BI-10000301,Office Supplies,Binders,GBC Instant Report Kit,1.941,1,0.7,-1.294
6560,CA-2016-160941,7/21/2016,7/26/2016,Standard Class,DK-12835,Damala Kotsonis,Corporate,United States,Roseville,California,95661,West,OFF-EN-10003001,Office Supplies,Envelopes,Ames Color-File Green Diamond Border X-ray Mailers,419.9,5,0,197.353
4443,US-2016-111290,7/22/2016,7/26/2016,Standard Class,DK-13375,Dennis Kane,Consumer,United States,Westland,Michigan,48185,Central,OFF-AR-10001761,Office Supplies,Art,Avery Hi-Liter Smear-Safe Highlighters,29.2,5,0,10.512
834,CA-2016-165316,7/23/2016,7/27/2016,Standard Class,JB-15400,Jennifer Braxton,Corporate,United States,Tampa,Florida,33614,South,OFF-AR-10002956,Office Supplies,Art,Boston 16801 Nautilus Battery Pencil Sharpener,35.216,2,0.2,2.6412
7075,CA-2016-112256,7/23/2016,7/28/2016,Standard Class,CK-12205,Chloris Kastensmidt,Consumer,United States,Mcallen,Texas,78501,Central,OFF-BI-10004364,Office Supplies,Binders,Storex Dura Pro Binders,4.752,4,0.8,-8.316
499,CA-2016-126158,7/25/2016,7/31/2016,Standard Class,SC-20095,Sanjit Chand,Consumer,United States,Costa Mesa,California,92627,West,FUR-CH-10002602,Furniture,Chairs,DMI Arturo Collection Mission-style Design Wood Chair,241.568,2,0.2,18.1176
3580,CA-2016-104157,7/25/2016,7/29/2016,Standard Class,MT-17815,Meg Tillman,Consumer,United States,Jackson,Mississippi,39212,South,OFF-PA-10004665,Office Supplies,Paper,Advantus Motivational Note Cards,65.5,5,0,32.095
9893,US-2016-115441,7/25/2016,7/28/2016,Second Class,SH-19975,Sally Hughsby,Corporate,United States,Milwaukee,Wisconsin,53209,Central,TEC-PH-10002262,Technology,Phones,LG Electronics Tone+ HBS-730 Bluetooth Headset,297.55,5,0,83.314
8633,CA-2016-107783,7/28/2016,7/29/2016,First Class,OT-18730,Olvera Toch,Consumer,United States,Bethlehem,Pennsylvania,18018,East,OFF-BI-10000545,Office Supplies,Binders,GBC Ibimaster 500 Manual ProClick Binding System,1369.764,6,0.7,-913.176
8650,CA-2016-164574,7/29/2016,8/3/2016,Standard Class,RH-19555,Ritsa Hightower,Consumer,United States,Charlotte,North Carolina,28205,South,OFF-BI-10002429,Office Supplies,Binders,"Premier Elliptical Ring Binder, Black",27.396,3,0.7,-20.0904
4674,CA-2016-133550,7/31/2016,8/6/2016,Standard Class,KL-16645,Ken Lonsdale,Consumer,United States,Detroit,Michigan,48205,Central,TEC-PH-10001079,Technology,Phones,Polycom SoundPoint Pro SE-225 Corded phone,118.99,1,0,33.3172
5245,CA-2016-156265,8/2/2016,8/4/2016,Second Class,BF-11020,Barry Französisch,Corporate,United States,Los Angeles,California,90032,West,FUR-TA-10001691,Furniture,Tables,"Barricks Non-Folding Utility Table with Steel Legs, Laminate Tops",136.464,2,0.2,15.3522
1766,CA-2016-110254,8/4/2016,8/8/2016,Standard Class,ML-17755,Max Ludwig,Home Office,United States,Suffolk,Virginia,23434,South,FUR-FU-10001591,Furniture,Furnishings,Advantus Panel Wall Certificate Holder - 8.5x11,109.8,9,0,46.116
3447,CA-2016-158869,8/6/2016,8/7/2016,First Class,AH-10690,Anna Häberlin,Corporate,United States,New York City,New York,10024,East,OFF-PA-10000474,Office Supplies,Paper,Easy-staple paper,70.88,2,0,33.3136
3497,CA-2016-107328,8/8/2016,8/15/2016,Standard Class,CA-12055,Cathy Armstrong,Home Office,United States,Los Angeles,California,90036,West,FUR-TA-10001932,Furniture,Tables,"Chromcraft 48"" x 96"" Racetrack Double Pedestal Table",513.024,2,0.2,12.8256
9160,CA-2016-118934,8/9/2016,8/14/2016,Standard Class,GH-14410,Gary Hansen,Home Office,United States,Hendersonville,Tennessee,37075,South,OFF-BI-10003314,Office Supplies,Binders,Tuff Stuff Recycled Round Ring Binders,4.338,3,0.7,-3.0366
4646,CA-2016-143910,8/12/2016,8/16/2016,Standard Class,BC-11125,Becky Castell,Home Office,United States,New York City,New York,10011,East,FUR-CH-10000225,Furniture,Chairs,"Global Geo Office Task Chair, Gray",145.764,2,0.1,-8.098
3763,CA-2016-156251,8/13/2016,8/18/2016,Second Class,TS-21160,Theresa Swint,Corporate,United States,West Allis,Wisconsin,53214,Central,FUR-BO-10001337,Furniture,Bookcases,O'Sullivan Living Dimensions 2-Shelf Bookcases,241.96,2,0,24.196
8877,US-2016-141264,8/13/2016,8/19/2016,Standard Class,CT-11995,Carol Triggs,Consumer,United States,Irving,Texas,75061,Central,OFF-AP-10002534,Office Supplies,Appliances,3.6 Cubic Foot Counter Height Office Refrigerator,58.924,1,0.8,-153.2024
637,US-2016-123470,8/15/2016,8/21/2016,Standard Class,ME-17725,Max Engle,Consumer,United States,Aurora,Colorado,80013,West,OFF-BI-10001989,Office Supplies,Binders,Premium Transparent Presentation Covers by GBC,18.882,3,0.7,-13.8468
8896,CA-2016-167241,8/15/2016,8/22/2016,Standard Class,BD-11320,Bill Donatelli,Consumer,United States,Los Angeles,California,90004,West,OFF-ST-10001505,Office Supplies,Storage,"Perma STOR-ALL Hanging File Box, 13 1/8""W x 12 1/4""D x 10 1/2""H",17.94,3,0,3.0498
803,CA-2016-136133,8/18/2016,8/23/2016,Second Class,HW-14935,Helen Wasserman,Corporate,United States,New York City,New York,10024,East,OFF-AP-10000576,Office Supplies,Appliances,Belkin 7 Outlet SurgeMaster II,355.32,9,0,99.4896
7097,CA-2016-101980,8/19/2016,8/20/2016,First Class,RP-19390,Resi Pölking,Consumer,United States,New York City,New York,10009,East,OFF-BI-10004318,Office Supplies,Binders,Ibico EB-19 Dual Function Manual Binding System,276.784,2,0.2,89.9548
6866,US-2016-126452,8/21/2016,8/28/2016,Standard Class,SC-20230,Scot Coram,Corporate,United States,Los Angeles,California,90004,West,TEC-PH-10003555,Technology,Phones,Motorola HK250 Universal Bluetooth Headset,91.96,5,0.2,-20.691
9880,CA-2016-122581,8/21/2016,8/25/2016,Standard Class,JK-15370,Jay Kimmel,Consumer,United States,New York City,New York,10035,East,FUR-CH-10002961,Furniture,Chairs,"Leather Task Chair, Black",573.174,7,0.1,63.686
9023,US-2016-141880,8/22/2016,8/23/2016,First Class,TC-21475,Tony Chapman,Home Office,United States,Fort Collins,Colorado,80525,West,FUR-FU-10001979,Furniture,Furnishings,Dana Halogen Swing-Arm Architect Lamp,98.328,3,0.2,9.8328
3115,CA-2016-150350,8/23/2016,8/30/2016,Standard Class,MS-17770,Maxwell Schwartz,Consumer,United States,Seattle,Washington,98105,West,OFF-PA-10002160,Office Supplies,Paper,Xerox 1978,34.68,6,0,16.9932
7988,US-2016-117793,8/23/2016,8/29/2016,Standard Class,MA-17560,Matt Abelman,Home Office,United States,Sheboygan,Wisconsin,53081,Central,OFF-LA-10002945,Office Supplies,Labels,"Permanent Self-Adhesive File Folder Labels for Typewriters, 1 1/8 x 3 1/2, White",25.2,4,0,11.592
1464,CA-2016-152289,8/26/2016,8/28/2016,First Class,LC-16930,Linda Cazamias,Corporate,United States,Pasadena,Texas,77506,Central,FUR-CH-10002126,Furniture,Chairs,Hon Deluxe Fabric Upholstered Stacking Chairs,1024.716,6,0.3,-29.2776
5448,US-2016-127425,8/26/2016,8/31/2016,Standard Class,DR-12880,Dan Reichenbach,Corporate,United States,New York City,New York,10035,East,TEC-AC-10002800,Technology,Accessories,Plantronics Audio 478 Stereo USB Headset,249.95,5,0,87.4825
8357,CA-2016-163174,8/26/2016,8/30/2016,Standard Class,XP-21865,Xylona Preis,Consumer,United States,Athens,Georgia,30605,South,FUR-FU-10000308,Furniture,Furnishings,Deflect-o Glass Clear Studded Chair Mats,186.54,3,0,41.0388
3342,CA-2016-145982,8/27/2016,9/1/2016,Second Class,TB-21055,Ted Butterfield,Consumer,United States,Quincy,Massachusetts,2169,East,OFF-PA-10000675,Office Supplies,Paper,Xerox 1919,122.97,3,0,60.2553
5604,CA-2016-117919,8/27/2016,8/29/2016,Second Class,TB-21355,Todd Boyes,Corporate,United States,Houston,Texas,77041,Central,OFF-PA-10004353,Office Supplies,Paper,Southworth 25% Cotton Premium Laser Paper and Envelopes,79.92,5,0.2,27.972
8426,CA-2016-137652,8/28/2016,8/30/2016,First Class,EB-13750,Edward Becker,Corporate,United States,Cincinnati,Ohio,45231,East,OFF-BI-10004099,Office Supplies,Binders,GBC VeloBinder Strips,18.432,8,0.7,-12.288
4685,CA-2016-159912,8/29/2016,9/3/2016,Standard Class,GB-14530,George Bell,Corporate,United States,Philadelphia,Pennsylvania,19120,East,FUR-BO-10002853,Furniture,Bookcases,O'Sullivan 5-Shelf Heavy-Duty Bookcases,163.88,4,0.5,-81.94
331,US-2016-141544,8/30/2016,9/1/2016,First Class,PO-18850,Patrick O'Brill,Consumer,United States,Philadelphia,Pennsylvania,19143,East,OFF-BI-10001524,Office Supplies,Binders,GBC Premium Transparent Covers with Diagonal Lined Pattern,37.764,6,0.7,-27.6936
353,CA-2016-129714,9/1/2016,9/3/2016,First Class,AB-10060,Adam Bellavance,Home Office,United States,New York City,New York,10009,East,OFF-PA-10001970,Office Supplies,Paper,Xerox 1881,49.12,4,0,23.0864
6078,CA-2016-151561,9/1/2016,9/7/2016,Standard Class,PG-18820,Patrick Gardner,Consumer,United States,New York City,New York,10011,East,TEC-AC-10003399,Technology,Accessories,Memorex Mini Travel Drive 64 GB USB 2.0 Flash Drive,72.48,2,0,30.4416
6987,CA-2016-116526,9/1/2016,9/5/2016,Standard Class,JA-15970,Joseph Airdo,Consumer,United States,Detroit,Michigan,48227,Central,OFF-AR-10004999,Office Supplies,Art,Newell 315,11.96,2,0,2.99
5429,CA-2016-113096,9/2/2016,9/4/2016,First Class,SZ-20035,Sam Zeldin,Home Office,United States,San Francisco,California,94122,West,OFF-ST-10003455,Office Supplies,Storage,"Tenex File Box, Personal Filing Tote with Lid, Black",46.53,3,0,12.0978
7080,CA-2016-106950,9/2/2016,9/6/2016,Standard Class,JE-15715,Joe Elijah,Consumer,United States,Charlotte,North Carolina,28205,South,OFF-AR-10003560,Office Supplies,Art,Zebra Zazzle Fluorescent Highlighters,19.456,4,0.2,3.4048
9069,CA-2016-106278,9/2/2016,9/5/2016,Second Class,BM-11140,Becky Martin,Consumer,United States,Des Moines,Washington,98198,West,FUR-CH-10003061,Furniture,Chairs,"Global Leather Task Chair, Black",215.976,3,0.2,-2.6997
9238,CA-2016-126732,9/2/2016,9/6/2016,Standard Class,LR-16915,Lena Radford,Consumer,United States,Los Angeles,California,90036,West,OFF-BI-10001553,Office Supplies,Binders,SpineVue Locking Slant-D Ring Binders by Cardinal,7.312,1,0.2,2.5592
5354,US-2016-101616,9/3/2016,9/6/2016,First Class,CY-12745,Craig Yedwab,Corporate,United States,Monroe,Louisiana,71203,South,OFF-BI-10000014,Office Supplies,Binders,Heavy-Duty E-Z-D Binders,87.28,8,0,41.0216
3788,CA-2016-169971,9/4/2016,9/9/2016,Standard Class,IL-15100,Ivan Liston,Consumer,United States,Houston,Texas,77041,Central,OFF-AR-10002804,Office Supplies,Art,Faber Castell Col-Erase Pencils,3.912,1,0.2,1.0269
5809,CA-2016-149783,9/4/2016,9/7/2016,Second Class,DL-13315,Delfina Latchford,Consumer,United States,Knoxville,Tennessee,37918,South,OFF-AR-10002987,Office Supplies,Art,Prismacolor Color Pencil Set,31.744,2,0.2,8.3328
9074,CA-2016-142524,9/4/2016,9/8/2016,Standard Class,MB-18085,Mick Brown,Consumer,United States,Springfield,Missouri,65807,Central,TEC-AC-10000109,Technology,Accessories,Sony Micro Vault Click 16 GB USB 2.0 Flash Drive,279.95,5,0,67.188
443,CA-2016-115756,9/5/2016,9/7/2016,Second Class,PK-19075,Pete Kriz,Consumer,United States,Detroit,Michigan,48227,Central,OFF-ST-10003058,Office Supplies,Storage,Eldon Mobile Mega Data Cart  Mega Stackable  Add-On Trays,70.95,3,0,20.5755
3524,CA-2016-137673,9/5/2016,9/10/2016,Standard Class,ML-17395,Marina Lichtenstein,Corporate,United States,San Diego,California,92105,West,TEC-AC-10002345,Technology,Accessories,HP Standard 104 key PS/2 Keyboard,116,8,0,29
4616,CA-2016-144540,9/5/2016,9/10/2016,Standard Class,GH-14410,Gary Hansen,Home Office,United States,Houston,Texas,77070,Central,OFF-FA-10002763,Office Supplies,Fasteners,Advantus Map Pennant Flags and Round Head Tacks,28.44,9,0.2,4.266
5880,CA-2016-133319,9/5/2016,9/11/2016,Standard Class,MV-17485,Mark Van Huff,Consumer,United States,New York City,New York,10011,East,OFF-PA-10001815,Office Supplies,Paper,Xerox 1885,192.16,4,0,92.2368
7524,CA-2016-162383,9/5/2016,9/11/2016,Standard Class,MD-17350,Maribeth Dona,Consumer,United States,Lancaster,Ohio,43130,East,FUR-CH-10004477,Furniture,Chairs,"Global Push Button Manager's Chair, Indigo",85.246,2,0.3,-1.2178
99,CA-2016-149223,9/6/2016,9/11/2016,Standard Class,ER-13855,Elpida Rittenbach,Corporate,United States,Saint Paul,Minnesota,55106,Central,OFF-AP-10000358,Office Supplies,Appliances,Fellowes Basic Home/Office Series Surge Protectors,77.88,6,0,22.5852
5353,CA-2016-123932,9/6/2016,9/12/2016,Standard Class,YC-21895,Yoseph Carroll,Corporate,United States,Dallas,Texas,75217,Central,TEC-PH-10002447,Technology,Phones,AT&T CL83451 4-Handset Telephone,329.584,2,0.2,37.0782
2544,US-2016-114174,9/8/2016,9/14/2016,Standard Class,AP-10720,Anne Pryor,Home Office,United States,Malden,Massachusetts,2148,East,FUR-BO-10003450,Furniture,Bookcases,"Bush Westfield Collection Bookcases, Dark Cherry Finish",173.94,3,0,13.9152
5083,CA-2016-155138,9/8/2016,9/12/2016,Standard Class,JM-15580,Jill Matthias,Consumer,United States,Monroe,North Carolina,28110,South,TEC-AC-10004209,Technology,Accessories,Memorex Froggy Flash Drive 4 GB,35.168,4,0.2,8.3524
7466,CA-2016-103709,9/8/2016,9/15/2016,Standard Class,LP-17095,Liz Preis,Consumer,United States,Visalia,California,93277,West,OFF-ST-10001272,Office Supplies,Storage,"Mini 13-1/2 Capacity Data Binder Rack, Pearl",261.74,2,0,65.435
2494,CA-2016-146206,9/10/2016,9/14/2016,Second Class,KT-16480,Kean Thornton,Consumer,United States,Houston,Texas,77095,Central,FUR-TA-10004086,Furniture,Tables,KI Adjustable-Height Table,300.93,5,0.3,-34.392
9086,CA-2016-126102,9/10/2016,9/12/2016,Second Class,DV-13465,Dianna Vittorini,Consumer,United States,Los Angeles,California,90049,West,OFF-BI-10004318,Office Supplies,Binders,Ibico EB-19 Dual Function Manual Binding System,276.784,2,0.2,89.9548
4640,CA-2016-102162,9/11/2016,9/16/2016,Standard Class,JF-15565,Jill Fjeld,Consumer,United States,Newport News,Virginia,23602,South,TEC-CO-10001943,Technology,Copiers,Canon PC-428 Personal Copier,1599.92,8,0,751.9624
7208,CA-2016-143476,9/11/2016,9/13/2016,First Class,LC-16930,Linda Cazamias,Corporate,United States,Phoenix,Arizona,85023,West,OFF-AR-10003759,Office Supplies,Art,"Crayola Anti Dust Chalk, 12/Pack",2.912,2,0.2,0.91
313,CA-2016-142902,9/12/2016,9/14/2016,Second Class,BP-11185,Ben Peterman,Corporate,United States,Arvada,Colorado,80004,West,OFF-LA-10000634,Office Supplies,Labels,Avery 509,6.264,3,0.2,2.0358
6845,CA-2016-123946,9/12/2016,9/17/2016,Standard Class,AJ-10795,Anthony Johnson,Corporate,United States,Springfield,Virginia,22153,South,FUR-CH-10002073,Furniture,Chairs,Hon Olson Stacker Chairs,1059.12,4,0,307.1448
7382,CA-2016-105732,9/13/2016,9/18/2016,Standard Class,AG-10270,Alejandro Grove,Consumer,United States,Omaha,Nebraska,68104,Central,TEC-PH-10001644,Technology,Phones,"BlueLounge Milo Smartphone Stand, White/Metallic",149.95,5,0,41.986
7389,CA-2016-105732,9/13/2016,9/18/2016,Standard Class,AG-10270,Alejandro Grove,Consumer,United States,Omaha,Nebraska,68104,Central,TEC-PH-10004897,Technology,Phones,Mediabridge Sport Armband iPhone 5s,29.97,3,0,0.2997
4518,US-2016-128678,9/15/2016,9/20/2016,Standard Class,RB-19570,Rob Beeghly,Consumer,United States,Seattle,Washington,98105,West,OFF-BI-10002103,Office Supplies,Binders,"Cardinal Slant-D Ring Binder, Heavy Gauge Vinyl",48.664,7,0.2,15.8158
8892,CA-2016-162159,9/16/2016,9/18/2016,First Class,CR-12625,Corey Roper,Home Office,United States,Columbus,Georgia,31907,South,FUR-CH-10001146,Furniture,Chairs,"Global Value Mid-Back Manager's Chair, Gray",121.78,2,0,30.445
3249,CA-2016-159730,9/17/2016,9/21/2016,Standard Class,SJ-20125,Sanjit Jacobs,Home Office,United States,Seattle,Washington,98103,West,FUR-CH-10004875,Furniture,Chairs,Harbour Creations 67200 Series Stacking Chairs,113.888,2,0.2,9.9652
9449,US-2016-148957,9/17/2016,9/23/2016,Standard Class,CC-12430,Chuck Clark,Home Office,United States,Redmond,Washington,98052,West,OFF-LA-10002195,Office Supplies,Labels,Avery 481,12.32,4,0,5.9136
3543,CA-2016-157511,9/18/2016,9/20/2016,First Class,SV-20365,Seth Vernon,Consumer,United States,Columbus,Ohio,43229,East,FUR-CH-10002647,Furniture,Chairs,"Situations Contoured Folding Chairs, 4/Set",99.372,2,0.3,-7.098
5883,CA-2016-133935,9/18/2016,9/22/2016,Standard Class,JW-15220,Jane Waco,Corporate,United States,San Diego,California,92105,West,FUR-CH-10002880,Furniture,Chairs,"Global High-Back Leather Tilter, Burgundy",885.528,9,0.2,-99.6219
2024,CA-2016-168354,9/19/2016,9/21/2016,First Class,RH-19510,Rick Huthwaite,Home Office,United States,Providence,Rhode Island,2908,East,FUR-CH-10004675,Furniture,Chairs,"Lifetime Advantage Folding Chairs, 4/Carton",872.32,4,0,244.2496
4770,US-2016-114888,9/19/2016,9/24/2016,Second Class,CC-12430,Chuck Clark,Home Office,United States,San Francisco,California,94109,West,OFF-BI-10003355,Office Supplies,Binders,Cardinal Holdit Business Card Pockets,11.952,3,0.2,4.1832
3414,CA-2016-100244,9/20/2016,9/24/2016,Standard Class,GM-14695,Greg Maxwell,Corporate,United States,San Francisco,California,94122,West,OFF-PA-10002319,Office Supplies,Paper,Xerox 1944,77.52,2,0,37.9848
3621,CA-2016-109743,9/22/2016,9/29/2016,Standard Class,SH-19975,Sally Hughsby,Corporate,United States,Smyrna,Tennessee,37167,South,OFF-AR-10003727,Office Supplies,Art,Berol Giant Pencil Sharpener,40.776,3,0.2,4.5873
8177,CA-2016-135965,9/22/2016,9/25/2016,First Class,SZ-20035,Sam Zeldin,Home Office,United States,New York City,New York,10035,East,OFF-ST-10002370,Office Supplies,Storage,"Sortfiler Multipurpose Personal File Organizer, Black",128.34,6,0,37.2186
2369,US-2016-129469,9/23/2016,9/27/2016,Standard Class,KL-16555,Kelly Lampkin,Corporate,United States,Fairfield,Ohio,45014,East,FUR-FU-10002298,Furniture,Furnishings,"Rubbermaid ClusterMat Chairmats, Mat Size- 66"" x 60"", Lip 20"" x 11"" -90 Degree Angle",532.704,6,0.2,-26.6352
5634,CA-2016-101742,9/23/2016,9/28/2016,Second Class,CR-12580,Clay Rozendal,Home Office,United States,New York City,New York,10009,East,OFF-BI-10004187,Office Supplies,Binders,3-ring staple pack,10.528,7,0.2,3.6848
2331,CA-2016-155187,9/24/2016,9/26/2016,Second Class,LA-16780,Laura Armstrong,Corporate,United States,Los Angeles,California,90004,West,OFF-ST-10000642,Office Supplies,Storage,"Tennsco Lockers, Gray",41.96,2,0,2.9372
5872,CA-2016-154235,9/24/2016,9/28/2016,Standard Class,RD-19900,Ruben Dartt,Consumer,United States,Bloomington,Indiana,47401,Central,FUR-FU-10004006,Furniture,Furnishings,"Deflect-o DuraMat Lighweight, Studded, Beveled Mat for Low Pile Carpeting",127.95,3,0,21.7515
4082,CA-2016-140417,9/25/2016,9/29/2016,Standard Class,KE-16420,Katrina Edelman,Corporate,United States,Tigard,Oregon,97224,West,OFF-BI-10004828,Office Supplies,Binders,GBC Poly Designer Binding Covers,5.022,1,0.7,-3.5154
7726,CA-2016-113978,9/25/2016,9/29/2016,Standard Class,TS-21505,Tony Sayre,Consumer,United States,Cleveland,Ohio,44105,East,OFF-ST-10004963,Office Supplies,Storage,Eldon Gobal File Keepers,24.224,2,0.2,-4.8448
9841,US-2016-125402,9/25/2016,10/1/2016,Standard Class,DL-12865,Dan Lawera,Consumer,United States,Long Beach,California,90805,West,TEC-PH-10003356,Technology,Phones,"SmartStand Mobile Device Holder, Assorted Colors",44.736,8,0.2,4.4736
4033,CA-2016-169957,9/26/2016,9/30/2016,Standard Class,SN-20710,Steve Nguyen,Home Office,United States,Covington,Washington,98042,West,OFF-PA-10004040,Office Supplies,Paper,Universal Premium White Copier/Laser Paper (20Lb. and 87 Bright),29.9,5,0,14.651
5724,CA-2016-165820,9/26/2016,9/30/2016,Standard Class,DW-13585,Dorothy Wardle,Corporate,United States,San Francisco,California,94109,West,OFF-PA-10004735,Office Supplies,Paper,Xerox 1905,12.96,2,0,6.2208
5399,CA-2016-163202,9/27/2016,10/2/2016,Standard Class,BM-11650,Brian Moss,Corporate,United States,Lancaster,Ohio,43130,East,OFF-BI-10002764,Office Supplies,Binders,Recycled Pressboard Report Cover with Reinforced Top Hinge,2.907,3,0.7,-2.0349
1683,US-2016-101497,9/29/2016,10/1/2016,Second Class,PS-18760,Pamela Stobb,Consumer,United States,Los Angeles,California,90008,West,OFF-PA-10000176,Office Supplies,Paper,Xerox 1887,18.97,1,0,9.1056
9987,CA-2016-125794,9/29/2016,10/3/2016,Standard Class,ML-17410,Maris LaWare,Consumer,United States,Los Angeles,California,90008,West,TEC-AC-10003399,Technology,Accessories,Memorex Mini Travel Drive 64 GB USB 2.0 Flash Drive,36.24,1,0,15.2208
2667,CA-2016-111794,10/1/2016,10/1/2016,Same Day,HG-15025,Hunter Glantz,Consumer,United States,Amarillo,Texas,79109,Central,TEC-AC-10003832,Technology,Accessories,Imation 16GB Mini TravelDrive USB 2.0 Flash Drive,79.512,3,0.2,20.8719
6827,CA-2016-118689,10/2/2016,10/9/2016,Standard Class,TC-20980,Tamara Chand,Corporate,United States,Lafayette,Indiana,47905,Central,TEC-CO-10004722,Technology,Copiers,Canon imageCLASS 2200 Advanced Copier,17499.95,5,0,8399.976
7872,CA-2016-101672,10/3/2016,10/7/2016,Standard Class,DB-12910,Daniel Byrd,Home Office,United States,Lake Forest,California,92630,West,OFF-LA-10002271,Office Supplies,Labels,Smead Alpha-Z Color-Coded Second Alphabetical Labels and Starter Set,6.16,2,0,2.9568
7668,US-2016-140158,10/4/2016,10/8/2016,Standard Class,DR-12940,Daniel Raglin,Home Office,United States,Providence,Rhode Island,2908,East,OFF-ST-10000136,Office Supplies,Storage,Letter Size File,119.1,3,0,34.539
7644,US-2016-157490,10/6/2016,10/7/2016,First Class,LB-16795,Laurel Beltran,Home Office,United States,Pueblo,Colorado,81001,West,OFF-BI-10002571,Office Supplies,Binders,"Avery Framed View Binder, EZD Ring (Locking), Navy, 1 1/2""",11.976,4,0.7,-9.1816
2557,US-2016-126844,10/8/2016,10/14/2016,Standard Class,BW-11110,Bart Watters,Corporate,United States,Houston,Texas,77070,Central,FUR-FU-10004909,Furniture,Furnishings,Contemporary Wood/Metal Frame,51.712,8,0.6,-32.32
7357,CA-2016-114748,10/9/2016,10/14/2016,Standard Class,MZ-17335,Maria Zettner,Home Office,United States,Phoenix,Arizona,85023,West,OFF-AR-10001315,Office Supplies,Art,Newell 310,1.408,1,0.2,0.1584
9835,CA-2016-126627,10/10/2016,10/12/2016,First Class,WB-21850,William Brown,Consumer,United States,La Porte,Texas,77571,Central,FUR-FU-10004963,Furniture,Furnishings,"Eldon 400 Class Desk Accessories, Black Carbon",14,4,0.6,-6.3
137,CA-2016-145583,10/13/2016,10/19/2016,Standard Class,LC-16885,Lena Creighton,Consumer,United States,Roseville,California,95661,West,OFF-FA-10002988,Office Supplies,Fasteners,Ideal Clamps,4.02,2,0,1.9698
2165,CA-2016-154018,10/13/2016,10/19/2016,Standard Class,HA-14920,Helen Andreada,Consumer,United States,Laredo,Texas,78041,Central,OFF-PA-10000551,Office Supplies,Paper,Array Memo Cubes,8.288,2,0.2,3.0044
6444,CA-2016-101161,10/13/2016,10/20/2016,Standard Class,BW-11110,Bart Watters,Corporate,United States,New York City,New York,10024,East,OFF-LA-10000407,Office Supplies,Labels,Avery White Multi-Purpose Labels,24.9,5,0,11.454
3805,CA-2016-156503,10/14/2016,10/20/2016,Standard Class,NC-18415,Nathan Cano,Consumer,United States,Jacksonville,North Carolina,28540,South,OFF-EN-10001335,Office Supplies,Envelopes,"White Business Envelopes with Contemporary Seam, Recycled White Business Envelopes",35.008,4,0.2,13.128
2178,CA-2016-125738,10/15/2016,10/21/2016,Standard Class,PB-18805,Patrick Bzostek,Home Office,United States,Salt Lake City,Utah,84106,West,OFF-BI-10001628,Office Supplies,Binders,"Acco Data Flex Cable Posts For Top & Bottom Load Binders, 6"" Capacity",41.72,5,0.2,13.0375
2524,CA-2016-124352,10/15/2016,10/21/2016,Standard Class,CD-12790,Cynthia Delaney,Home Office,United States,Oklahoma City,Oklahoma,73120,Central,OFF-BI-10000977,Office Supplies,Binders,Ibico Plastic Spiral Binding Combs,121.6,4,0,55.936
8890,CA-2016-147256,10/17/2016,10/21/2016,Second Class,FC-14245,Frank Carlisle,Home Office,United States,Columbia,Missouri,65203,Central,TEC-PH-10003072,Technology,Phones,Panasonic KX-TG9541B DECT 6.0 Digital 2-Line Expandable Cordless Phone With Digital Answering System,449.97,3,0,220.4853
6207,CA-2016-133697,10/20/2016,10/24/2016,Second Class,CM-12445,Chuck Magee,Consumer,United States,Houston,Texas,77095,Central,OFF-FA-10003112,Office Supplies,Fasteners,Staples,25.248,4,0.2,7.89
8273,CA-2016-139549,10/20/2016,10/25/2016,Standard Class,MY-18295,Muhammed Yedwab,Corporate,United States,El Cajon,California,92020,West,FUR-CH-10001802,Furniture,Chairs,Hon Every-Day Chair Series Swivel Task Chairs,387.136,4,0.2,4.8392
3486,CA-2016-151169,10/21/2016,10/26/2016,Standard Class,MY-18295,Muhammed Yedwab,Corporate,United States,Newark,Delaware,19711,East,OFF-BI-10002813,Office Supplies,Binders,Avery Reinforcements for Hole-Punch Pages,7.92,4,0,3.564
7822,CA-2016-169334,10/21/2016,10/24/2016,Second Class,GW-14605,Giulietta Weimer,Consumer,United States,Jackson,Tennessee,38301,South,OFF-ST-10004950,Office Supplies,Storage,"Tenex Personal Filing Tote With Secure Closure Lid, Black/Frost",111.672,9,0.2,6.9795
9807,CA-2016-136322,10/21/2016,10/26/2016,Standard Class,AP-10720,Anne Pryor,Home Office,United States,Fort Lauderdale,Florida,33311,South,OFF-BI-10004817,Office Supplies,Binders,GBC Personal VeloBind Strips,28.752,8,0.7,-21.0848
1810,CA-2016-165484,10/23/2016,10/29/2016,Standard Class,HK-14890,Heather Kirkland,Corporate,United States,Chicago,Illinois,60610,Central,FUR-FU-10001196,Furniture,Furnishings,DAX Cubicle Frames - 8x10,16.156,7,0.6,-12.117
7760,CA-2016-158925,10/24/2016,10/28/2016,Standard Class,JP-15460,Jennifer Patt,Corporate,United States,Houston,Texas,77041,Central,OFF-PA-10003072,Office Supplies,Paper,"Eureka Recycled Copy Paper 8 1/2"" x 11"", Ream",15.552,3,0.2,5.4432
8598,US-2016-117387,10/27/2016,10/31/2016,Standard Class,PA-19060,Pete Armstrong,Home Office,United States,San Francisco,California,94122,West,OFF-BI-10004308,Office Supplies,Binders,Avery Legal 4-Ring Binder,67.136,4,0.2,25.176
299,CA-2016-142545,10/28/2016,11/3/2016,Standard Class,JD-15895,Jonathan Doherty,Corporate,United States,Belleville,New Jersey,7109,East,OFF-PA-10002105,Office Supplies,Paper,Xerox 223,32.4,5,0,15.552
1235,CA-2016-144344,10/28/2016,10/28/2016,Same Day,PG-18820,Patrick Gardner,Consumer,United States,Boynton Beach,Florida,33437,South,FUR-FU-10000076,Furniture,Furnishings,24-Hour Round Wall Clock,47.952,3,0.2,13.7862
7203,CA-2016-120369,10/28/2016,10/28/2016,Same Day,VB-21745,Victoria Brennan,Corporate,United States,Rochester,New York,14609,East,FUR-FU-10003806,Furniture,Furnishings,"Tenex Chairmat w/ Average Lip, 45"" x 53""",756.8,5,0,75.68
9204,CA-2016-153836,10/30/2016,11/3/2016,Standard Class,EH-13765,Edward Hooks,Corporate,United States,New York City,New York,10011,East,OFF-AR-10004602,Office Supplies,Art,Boston KS Multi-Size Manual Pencil Sharpener,114.95,5,0,32.186
6421,CA-2016-140130,10/31/2016,11/5/2016,Standard Class,HW-14935,Helen Wasserman,Corporate,United States,Tulsa,Oklahoma,74133,Central,OFF-AR-10004269,Office Supplies,Art,Newell 31,12.39,3,0,3.4692
112,CA-2016-128867,11/3/2016,11/10/2016,Standard Class,CL-12565,Clay Ludtke,Consumer,United States,Urbandale,Iowa,50322,Central,OFF-AR-10000380,Office Supplies,Art,"Hunt PowerHouse Electric Pencil Sharpener, Blue",75.96,2,0,22.788
4431,CA-2016-168893,11/3/2016,11/8/2016,Second Class,AP-10915,Arthur Prichep,Consumer,United States,Henderson,Kentucky,42420,South,OFF-FA-10002280,Office Supplies,Fasteners,Advantus Plastic Paper Clips,20,4,0,9.6
4483,CA-2016-109365,11/3/2016,11/8/2016,Standard Class,XP-21865,Xylona Preis,Consumer,United States,Los Angeles,California,90049,West,OFF-BI-10003981,Office Supplies,Binders,"Avery Durable Plastic 1"" Binders",43.584,12,0.2,15.7992
8943,CA-2016-159023,11/3/2016,11/5/2016,First Class,NW-18400,Natalie Webber,Consumer,United States,Portland,Oregon,97206,West,TEC-MA-10003337,Technology,Machines,Okidata B401 Printer,179.991,3,0.7,-251.9874
6306,CA-2016-163328,11/4/2016,11/6/2016,Second Class,TP-21565,Tracy Poddar,Corporate,United States,Eugene,Oregon,97405,West,OFF-SU-10002301,Office Supplies,Supplies,Serrated Blade or Curved Handle Hand Letter Openers,17.584,7,0.2,-4.1762
6773,CA-2016-119018,11/4/2016,11/8/2016,Standard Class,CW-11905,Carl Weiss,Home Office,United States,Los Angeles,California,90004,West,OFF-BI-10003314,Office Supplies,Binders,Tuff Stuff Recycled Round Ring Binders,7.712,2,0.2,2.7956
9322,US-2016-111563,11/4/2016,11/8/2016,Standard Class,SM-20005,Sally Matthias,Consumer,United States,Houston,Texas,77041,Central,FUR-FU-10002445,Furniture,Furnishings,"DAX Two-Tone Rosewood/Black Document Frame, Desktop, 5 x 7",11.376,3,0.6,-5.688
4268,US-2016-131611,11/5/2016,11/9/2016,Standard Class,EP-13915,Emily Phan,Consumer,United States,Houston,Texas,77036,Central,OFF-BI-10001989,Office Supplies,Binders,Premium Transparent Presentation Covers by GBC,12.588,3,0.8,-20.1408
6939,CA-2016-125094,11/5/2016,11/9/2016,Standard Class,NP-18700,Nora Preis,Consumer,United States,Seattle,Washington,98105,West,TEC-AC-10004420,Technology,Accessories,Cherry 142-key Programmable Keyboard,479.72,4,0,52.7692
129,US-2016-125969,11/6/2016,11/10/2016,Second Class,LS-16975,Lindsay Shagiari,Home Office,United States,Los Angeles,California,90004,West,FUR-CH-10001146,Furniture,Chairs,"Global Task Chair, Black",81.424,2,0.2,-9.1602
164,CA-2016-113817,11/7/2016,11/11/2016,Standard Class,MJ-17740,Max Jones,Consumer,United States,Seattle,Washington,98115,West,OFF-BI-10004002,Office Supplies,Binders,Wilson Jones International Size A4 Ring Binders,27.68,2,0.2,9.688
4844,US-2016-139388,11/7/2016,11/9/2016,First Class,CC-12475,Cindy Chapman,Consumer,United States,Lakewood,New Jersey,8701,East,OFF-FA-10004968,Office Supplies,Fasteners,Rubber Band Ball,14.96,4,0,0.2992
8067,CA-2016-132997,11/7/2016,11/9/2016,First Class,LW-17215,Luke Weiss,Consumer,United States,Rochester,New York,14609,East,OFF-BI-10004318,Office Supplies,Binders,Ibico EB-19 Dual Function Manual Binding System,276.784,2,0.2,89.9548
8614,CA-2016-138233,11/9/2016,11/14/2016,Standard Class,PF-19165,Philip Fox,Consumer,United States,Oakland,California,94601,West,TEC-AC-10002001,Technology,Accessories,Logitech Wireless Gaming Headset G930,479.97,3,0,177.5889
2869,CA-2016-115588,11/10/2016,11/12/2016,Second Class,AF-10885,Art Foster,Consumer,United States,Toledo,Ohio,43615,East,OFF-ST-10001558,Office Supplies,Storage,Acco Perma 4000 Stacking Storage Drawers,38.976,3,0.2,-2.436
3640,CA-2016-145177,11/10/2016,11/14/2016,Standard Class,PP-18955,Paul Prost,Home Office,United States,Springfield,Ohio,45503,East,OFF-PA-10000682,Office Supplies,Paper,Xerox 1924,4.624,1,0.2,1.6762
4864,CA-2016-125164,11/10/2016,11/14/2016,Standard Class,SH-19975,Sally Hughsby,Corporate,United States,New York City,New York,10011,East,OFF-BI-10003982,Office Supplies,Binders,Wilson Jones Century Plastic Molded Ring Binders,49.848,3,0.2,16.8237
5048,CA-2016-158694,11/10/2016,11/13/2016,Second Class,AI-10855,Arianne Irving,Consumer,United States,Los Angeles,California,90036,West,OFF-AR-10001227,Office Supplies,Art,Newell 338,14.7,5,0,3.969
9250,CA-2016-127761,11/10/2016,11/14/2016,Standard Class,SW-20275,Scott Williamson,Consumer,United States,New York City,New York,10009,East,TEC-PH-10003691,Technology,Phones,BlackBerry Q10,881.93,7,0,220.4825
4725,CA-2016-131968,11/11/2016,11/15/2016,Standard Class,LB-16795,Laurel Beltran,Home Office,United States,Apopka,Florida,32712,South,OFF-BI-10002852,Office Supplies,Binders,Ibico Standard Transparent Covers,9.888,2,0.7,-6.9216
7035,CA-2016-145548,11/11/2016,11/16/2016,Standard Class,EB-13750,Edward Becker,Corporate,United States,New York City,New York,10011,East,OFF-BI-10004236,Office Supplies,Binders,"XtraLife ClearVue Slant-D Ring Binder, White, 3""",35.232,3,0.2,11.4504
1075,CA-2016-134348,11/12/2016,11/19/2016,Standard Class,MS-17710,Maurice Satty,Consumer,United States,Mesa,Arizona,85204,West,OFF-BI-10004967,Office Supplies,Binders,Round Ring Binders,4.368,7,0.7,-3.3488
6111,CA-2016-124590,11/12/2016,11/16/2016,Standard Class,SP-20920,Susan Pistek,Consumer,United States,Parma,Ohio,44134,East,FUR-CH-10004495,Furniture,Chairs,"Global Leather and Oak Executive Chair, Black",1474.802,7,0.3,-21.0686
7331,CA-2016-149349,11/12/2016,11/13/2016,First Class,SP-20650,Stephanie Phelps,Corporate,United States,Chicago,Illinois,60623,Central,FUR-FU-10001037,Furniture,Furnishings,"DAX Charcoal/Nickel-Tone Document Frame, 5 x 7",22.752,6,0.6,-8.532
4628,CA-2016-101336,11/13/2016,11/18/2016,Standard Class,CK-12760,Cyma Kinney,Corporate,United States,New York City,New York,10011,East,OFF-ST-10000876,Office Supplies,Storage,Eldon Simplefile Box Office,24.88,2,0,6.9664
2264,CA-2016-131065,11/14/2016,11/16/2016,Second Class,AA-10375,Allen Armold,Consumer,United States,Atlanta,Georgia,30318,South,TEC-AC-10004145,Technology,Accessories,Logitech diNovo Edge Keyboard,499.98,2,0,114.9954
4812,CA-2016-121370,11/14/2016,11/19/2016,Second Class,EB-14110,Eugene Barchas,Consumer,United States,Philadelphia,Pennsylvania,19134,East,FUR-CH-10000785,Furniture,Chairs,Global Ergonomic Managers Chair,380.058,3,0.3,-21.7176
9178,CA-2016-166618,11/14/2016,11/18/2016,Standard Class,DP-13000,Darren Powers,Consumer,United States,New York City,New York,10035,East,TEC-PH-10003356,Technology,Phones,"SmartStand Mobile Device Holder, Assorted Colors",13.98,2,0,3.9144
163,CA-2016-154508,11/16/2016,11/20/2016,Standard Class,RD-19900,Ruben Dartt,Consumer,United States,Carlsbad,New Mexico,88220,West,OFF-EN-10001990,Office Supplies,Envelopes,Staple envelope,28.4,5,0,13.348
3948,CA-2016-119963,11/18/2016,11/22/2016,Standard Class,SN-20710,Steve Nguyen,Home Office,United States,Pasadena,Texas,77506,Central,OFF-AR-10003514,Office Supplies,Art,4009 Highlighters by Sanford,6.368,2,0.2,1.0348
5163,CA-2016-115378,11/18/2016,11/23/2016,Second Class,AJ-10945,Ashley Jarboe,Consumer,United States,Taylor,Michigan,48180,Central,FUR-CH-10000863,Furniture,Chairs,Novimex Swivel Fabric Task Chair,301.96,2,0,33.2156
1106,US-2016-110156,11/19/2016,11/24/2016,Standard Class,EH-13945,Eric Hoffmann,Consumer,United States,Houston,Texas,77041,Central,OFF-ST-10000642,Office Supplies,Storage,"Tennsco Lockers, Gray",100.704,6,0.2,-16.3644
1113,US-2016-110156,11/19/2016,11/24/2016,Standard Class,EH-13945,Eric Hoffmann,Consumer,United States,Houston,Texas,77041,Central,OFF-BI-10002609,Office Supplies,Binders,Avery Hidden Tab Dividers for Binding Systems,1.192,2,0.8,-2.0264
9466,CA-2016-126858,11/19/2016,11/23/2016,Standard Class,JM-15265,Janet Molinari,Corporate,United States,Seattle,Washington,98115,West,FUR-FU-10000448,Furniture,Furnishings,Tenex Chairmats For Use With Carpeted Floors,31.96,2,0,1.598
1034,CA-2016-109820,11/20/2016,11/22/2016,First Class,AG-10390,Allen Goldenen,Consumer,United States,Cincinnati,Ohio,45231,East,OFF-PA-10000955,Office Supplies,Paper,Southworth 25% Cotton Granite Paper & Envelopes,15.696,3,0.2,5.1012
4408,CA-2016-100041,11/20/2016,11/25/2016,Standard Class,BF-10975,Barbara Fisher,Corporate,United States,Columbus,Indiana,47201,Central,OFF-PA-10000418,Office Supplies,Paper,Xerox 189,314.55,3,0,150.984
6494,CA-2016-113845,11/20/2016,11/25/2016,Standard Class,FA-14230,Frank Atkinson,Corporate,United States,Orlando,Florida,32839,South,TEC-PH-10003357,Technology,Phones,Grandstream GXP2100 Mainstream Business Phone,244.768,4,0.2,24.4768
4826,CA-2016-140018,11/21/2016,11/26/2016,Standard Class,CK-12205,Chloris Kastensmidt,Consumer,United States,Columbus,Ohio,43229,East,FUR-FU-10001876,Furniture,Furnishings,"Computer Room Manger, 14""",77.952,3,0.2,15.5904
1288,CA-2016-154711,11/22/2016,11/26/2016,Standard Class,TB-21355,Todd Boyes,Corporate,United States,New York City,New York,10009,East,FUR-FU-10000397,Furniture,Furnishings,Luxo Economy Swing Arm Lamp,39.88,2,0,11.1664
6086,US-2016-132577,11/22/2016,11/27/2016,Standard Class,JE-15475,Jeremy Ellison,Consumer,United States,Houston,Texas,77095,Central,OFF-LA-10000262,Office Supplies,Labels,Avery 494,2.088,1,0.2,0.6786
1397,CA-2016-124485,11/24/2016,11/26/2016,First Class,NC-18340,Nat Carroll,Consumer,United States,New York City,New York,10035,East,OFF-BI-10000822,Office Supplies,Binders,"Acco PRESSTEX Data Binder with Storage Hooks, Light Blue, 9 1/2"" X 11""",17.216,4,0.2,6.0256
1665,CA-2016-128531,11/24/2016,11/26/2016,Second Class,NS-18505,Neola Schneider,Consumer,United States,Dallas,Texas,75217,Central,TEC-AC-10002049,Technology,Accessories,Logitech G19 Programmable Gaming Keyboard,297.576,3,0.2,-7.4394
3891,US-2016-163881,11/24/2016,11/30/2016,Standard Class,SP-20860,Sung Pak,Corporate,United States,Los Angeles,California,90036,West,TEC-AC-10003033,Technology,Accessories,Plantronics CS510 - Over-the-Head monaural Wireless Headset System,659.9,2,0,217.767
6244,CA-2016-165561,11/24/2016,11/28/2016,Standard Class,CR-12580,Clay Rozendal,Home Office,United States,Bellevue,Washington,98006,West,OFF-SU-10004782,Office Supplies,Supplies,"Elite 5"" Scissors",25.35,3,0,7.605
6575,CA-2016-160535,11/25/2016,11/30/2016,Standard Class,BP-11050,Barry Pond,Corporate,United States,Plainfield,New Jersey,7060,East,TEC-MA-10004255,Technology,Machines,Konica Minolta magicolor 1690MF Multifunction Printer,319.92,8,0,118.3704
7774,CA-2016-108196,11/25/2016,12/2/2016,Standard Class,CS-12505,Cindy Stewart,Consumer,United States,Lancaster,Ohio,43130,East,TEC-AC-10000926,Technology,Accessories,NETGEAR RangeMax WNR1000 Wireless Router,59.976,3,0.2,11.9952
2073,CA-2016-129693,11/26/2016,12/2/2016,Standard Class,TC-20980,Tamara Chand,Corporate,United States,Seattle,Washington,98105,West,OFF-BI-10002954,Office Supplies,Binders,Newell 3-Hole Punched Plastic Slotted Magazine Holders for Binders,7.312,2,0.2,2.5592
9124,US-2016-158288,11/26/2016,11/28/2016,Second Class,EH-13945,Eric Hoffmann,Consumer,United States,Philadelphia,Pennsylvania,19120,East,OFF-BI-10003364,Office Supplies,Binders,Binding Machine Supplies,78.759,9,0.7,-57.7566
1932,CA-2016-152121,11/27/2016,11/29/2016,Second Class,CC-12670,Craig Carreira,Consumer,United States,Scottsdale,Arizona,85254,West,TEC-PH-10002483,Technology,Phones,Motorola Moto X,271.992,1,0.2,23.7993
8623,US-2016-114230,11/27/2016,12/1/2016,Standard Class,CM-12235,Chris McAfee,Consumer,United States,Phoenix,Arizona,85023,West,OFF-ST-10000876,Office Supplies,Storage,Eldon Simplefile Box Office,39.808,4,0.2,3.9808
4887,CA-2016-163167,11/28/2016,12/1/2016,Second Class,RF-19345,Randy Ferguson,Corporate,United States,Marietta,Georgia,30062,South,FUR-CH-10004477,Furniture,Chairs,"Global Push Button Manager's Chair, Indigo",182.67,3,0,52.9743
7367,CA-2016-127243,11/28/2016,12/4/2016,Standard Class,DS-13180,David Smith,Corporate,United States,Philadelphia,Pennsylvania,19140,East,OFF-ST-10002301,Office Supplies,Storage,Tennsco Commercial Shelving,32.544,2,0.2,-7.7292
8533,CA-2016-156748,11/30/2016,12/6/2016,Standard Class,BS-11755,Bruce Stewart,Consumer,United States,Detroit,Michigan,48227,Central,OFF-ST-10001370,Office Supplies,Storage,Sensible Storage WireTech Storage Systems,496.86,7,0,24.843
3471,US-2016-150035,12/1/2016,12/5/2016,Standard Class,CL-11890,Carl Ludwig,Consumer,United States,San Francisco,California,94122,West,FUR-FU-10003724,Furniture,Furnishings,Westinghouse Clip-On Gooseneck Lamps,16.74,2,0,4.3524
8393,CA-2016-142594,12/1/2016,12/6/2016,Second Class,EJ-14155,Eva Jacobs,Consumer,United States,Franklin,Massachusetts,2038,East,TEC-PH-10000193,Technology,Phones,Jensen SMPS-640 - speaker phone,137.94,3,0,35.8644
9172,US-2016-155768,12/1/2016,12/1/2016,Same Day,LB-16795,Laurel Beltran,Home Office,United States,Oxnard,California,93030,West,OFF-PA-10001357,Office Supplies,Paper,Xerox 1886,47.9,1,0,22.992
5908,US-2016-113985,12/2/2016,12/7/2016,Standard Class,KD-16495,Keith Dawkins,Corporate,United States,San Jose,California,95123,West,OFF-BI-10002353,Office Supplies,Binders,GBC VeloBind Cover Sets,24.704,2,0.2,9.264
6696,US-2016-155103,12/2/2016,12/7/2016,Standard Class,JF-15190,Jamie Frazer,Consumer,United States,New York City,New York,10024,East,OFF-BI-10004318,Office Supplies,Binders,Ibico EB-19 Dual Function Manual Binding System,415.176,3,0.2,134.9322
728,US-2016-150861,12/3/2016,12/6/2016,First Class,EG-13900,Emily Grady,Consumer,United States,Oceanside,New York,11572,East,OFF-PA-10001954,Office Supplies,Paper,Xerox 1964,182.72,8,0,84.0512
5426,CA-2016-153598,12/3/2016,12/6/2016,First Class,NM-18520,Neoma Murray,Consumer,United States,Los Angeles,California,90045,West,TEC-AC-10003870,Technology,Accessories,Logitech Z-906 Speaker sys - home theater - 5.1-CH,1649.95,5,0,659.98
7911,CA-2016-149762,12/3/2016,12/7/2016,Standard Class,RD-19720,Roger Demir,Consumer,United States,Morgan Hill,California,95037,West,OFF-ST-10001558,Office Supplies,Storage,Acco Perma 4000 Stacking Storage Drawers,48.72,3,0,7.308
1228,CA-2016-126004,12/4/2016,12/5/2016,First Class,BM-11140,Becky Martin,Consumer,United States,New York City,New York,10024,East,OFF-ST-10000676,Office Supplies,Storage,Fellowes Econo/Stor Drawers,193.86,2,0,11.6316
150,CA-2016-114489,12/5/2016,12/9/2016,Standard Class,JE-16165,Justin Ellison,Corporate,United States,Franklin,Wisconsin,53132,Central,FUR-CH-10000454,Furniture,Chairs,"Hon Deluxe Fabric Upholstered Stacking Chairs, Rounded Back",1951.84,8,0,585.552
5061,CA-2016-109722,12/5/2016,12/7/2016,Second Class,TP-21130,Theone Pippenger,Consumer,United States,Georgetown,Kentucky,40324,South,OFF-ST-10000060,Office Supplies,Storage,Fellowes Bankers Box Staxonsteel Drawer File/Stacking System,584.82,9,0,70.1784
2934,US-2016-169040,12/6/2016,12/12/2016,Standard Class,GT-14710,Greg Tran,Consumer,United States,Seattle,Washington,98105,West,TEC-PH-10002310,Technology,Phones,Plantronics Calisto P620-M USB Wireless Speakerphone System,156.792,1,0.2,13.7193
8569,CA-2016-162390,12/6/2016,12/12/2016,Standard Class,DP-13105,Dave Poirier,Corporate,United States,Hempstead,New York,11550,East,OFF-BI-10004318,Office Supplies,Binders,Ibico EB-19 Dual Function Manual Binding System,968.744,7,0.2,314.8418
9978,US-2016-103674,12/6/2016,12/10/2016,Standard Class,AP-10720,Anne Pryor,Home Office,United States,Los Angeles,California,90032,West,OFF-FA-10003467,Office Supplies,Fasteners,"Alliance Big Bands Rubber Bands, 12/Pack",13.86,7,0,0
3479,CA-2016-131289,12/8/2016,12/14/2016,Standard Class,SP-20620,Stefania Perrino,Corporate,United States,San Francisco,California,94110,West,OFF-AR-10003056,Office Supplies,Art,Newell 341,8.56,2,0,2.4824
5749,CA-2016-113733,12/8/2016,12/12/2016,Standard Class,LH-16900,Lena Hernandez,Consumer,United States,Greenville,North Carolina,27834,South,TEC-AC-10004877,Technology,Accessories,Imation 30456 USB Flash Drive 8GB,16.56,3,0.2,-2.484
1313,CA-2016-141082,12/9/2016,12/13/2016,Standard Class,FM-14380,Fred McMath,Consumer,United States,Lawrence,Massachusetts,1841,East,OFF-LA-10001474,Office Supplies,Labels,Avery 477,122.12,4,0,56.1752
3741,CA-2016-133340,12/9/2016,12/13/2016,Standard Class,LH-17155,Logan Haushalter,Consumer,United States,Jackson,Michigan,49201,Central,OFF-AP-10002311,Office Supplies,Appliances,"Holmes Replacement Filter for HEPA Air Cleaner, Very Large Room, HEPA Filter",61.929,1,0.1,23.3954
250,CA-2016-154739,12/10/2016,12/15/2016,Second Class,LH-17155,Logan Haushalter,Consumer,United States,San Francisco,California,94109,West,FUR-CH-10002965,Furniture,Chairs,"Global Leather Highback Executive Chair with Pneumatic Height Adjustment, Black",321.568,2,0.2,28.1372
2196,CA-2016-128412,12/10/2016,12/17/2016,Standard Class,AP-10915,Arthur Prichep,Consumer,United States,Seattle,Washington,98105,West,TEC-AC-10003038,Technology,Accessories,Kingston Digital DataTraveler 16GB USB 2.0,44.75,5,0,8.5025
54,CA-2016-105816,12/11/2016,12/17/2016,Standard Class,JM-15265,Janet Molinari,Corporate,United States,New York City,New York,10024,East,OFF-FA-10000304,Office Supplies,Fasteners,Advantus Push Pins,15.26,7,0,6.2566
651,CA-2016-160745,12/11/2016,12/16/2016,Second Class,AR-10825,Anthony Rawles,Corporate,United States,Vancouver,Washington,98661,West,TEC-AC-10001142,Technology,Accessories,First Data FD10 PIN Pad,316,4,0,31.6
5998,CA-2016-162187,12/11/2016,12/11/2016,Same Day,NS-18640,Noel Staavos,Corporate,United States,Columbus,Ohio,43229,East,FUR-TA-10003008,Furniture,Tables,"Lesro Round Back Collection Coffee Table, End Table",328.59,3,0.4,-147.8655
7056,CA-2016-165330,12/11/2016,12/11/2016,Same Day,WB-21850,William Brown,Consumer,United States,Anaheim,California,92804,West,OFF-BI-10002824,Office Supplies,Binders,Recycled Easel Ring Binders,35.808,3,0.2,11.19
4035,US-2016-108777,12/12/2016,12/12/2016,Same Day,JM-15655,Jim Mitchum,Corporate,United States,Lorain,Ohio,44052,East,OFF-BI-10003982,Office Supplies,Binders,Wilson Jones Century Plastic Molded Ring Binders,18.693,3,0.7,-14.3313
5252,US-2016-169369,12/12/2016,12/18/2016,Standard Class,EC-14050,Erin Creighton,Consumer,United States,Columbus,Georgia,31907,South,OFF-PA-10004438,Office Supplies,Paper,Xerox 1907,49.12,4,0,23.0864
942,CA-2016-142958,12/13/2016,12/20/2016,Standard Class,RW-19630,Rob Williams,Corporate,United States,Torrance,California,90503,West,OFF-BI-10001759,Office Supplies,Binders,"Acco Pressboard Covers with Storage Hooks, 14 7/8"" x 11"", Dark Blue",6.096,2,0.2,2.2098
6395,CA-2016-129126,12/14/2016,12/19/2016,Standard Class,PK-19075,Pete Kriz,Consumer,United States,New York City,New York,10011,East,FUR-FU-10002937,Furniture,Furnishings,"GE 48"" Fluorescent Tube, Cool White Energy Saver, 34 Watts, 30/Box",396.92,4,0,198.46
6378,US-2016-116442,12/15/2016,12/22/2016,Standard Class,BP-11230,Benjamin Patterson,Consumer,United States,Los Angeles,California,90004,West,FUR-FU-10002364,Furniture,Furnishings,"Eldon Expressions Wood Desk Accessories, Oak",14.76,2,0,4.2804
6203,CA-2016-118332,12/16/2016,12/23/2016,Standard Class,PK-19075,Pete Kriz,Consumer,United States,Apple Valley,California,92307,West,FUR-CH-10001708,Furniture,Chairs,Office Star - Contemporary Swivel Chair with Padded Adjustable Arms and Flex Back,563.92,5,0.2,7.049
9016,CA-2016-131639,12/17/2016,12/23/2016,Standard Class,NS-18640,Noel Staavos,Corporate,United States,Carlsbad,New Mexico,88220,West,OFF-BI-10001636,Office Supplies,Binders,Ibico Plastic and Wire Spiral Binding Combs,13.488,2,0.2,4.3836
1315,CA-2016-145919,12/18/2016,12/23/2016,Standard Class,HG-14965,Henry Goldwyn,Corporate,United States,Los Angeles,California,90032,West,OFF-PA-10003072,Office Supplies,Paper,"Eureka Recycled Copy Paper 8 1/2"" x 11"", Ream",38.88,6,0,18.6624
5024,CA-2016-133795,12/18/2016,12/24/2016,Standard Class,JE-15475,Jeremy Ellison,Consumer,United States,San Diego,California,92037,West,FUR-FU-10003731,Furniture,Furnishings,"Eldon Expressions Wood and Plastic Desk Accessories, Oak",39.92,4,0,11.1776
5661,CA-2016-145261,12/18/2016,12/21/2016,First Class,AH-10120,Adrian Hane,Home Office,United States,Salem,Oregon,97301,West,TEC-PH-10004833,Technology,Phones,Macally Suction Cup Mount,28.68,3,0.2,-7.17
6172,CA-2016-141523,12/19/2016,12/24/2016,Second Class,MH-17440,Mark Haberlin,Corporate,United States,New York City,New York,10035,East,OFF-AR-10001545,Office Supplies,Art,Newell 326,3.52,2,0,1.0208
1825,CA-2016-167507,12/22/2016,12/28/2016,Standard Class,SA-20830,Sue Ann Reed,Consumer,United States,Redmond,Oregon,97756,West,OFF-BI-10003694,Office Supplies,Binders,"Avery 3 1/2"" Diskette Storage Pages, 10/Pack",31.32,10,0.7,-25.056
9350,CA-2016-114860,12/22/2016,12/28/2016,Standard Class,DN-13690,Duane Noonan,Consumer,United States,Moreno Valley,California,92553,West,FUR-FU-10001934,Furniture,Furnishings,Magnifier Swing Arm Lamp,41.96,2,0,10.9096
4892,CA-2016-135776,12/23/2016,12/30/2016,Standard Class,EH-13765,Edward Hooks,Corporate,United States,Seattle,Washington,98103,West,OFF-PA-10001295,Office Supplies,Paper,Computer Printout Paper with Letter-Trim Perforations,37.94,2,0,18.2112
8558,CA-2016-132829,12/23/2016,12/26/2016,Second Class,LA-16780,Laura Armstrong,Corporate,United States,Houston,Texas,77041,Central,TEC-PH-10004539,Technology,Phones,Wireless Extenders zBoost YX545 SOHO Signal Booster,453.576,3,0.2,39.6879
1258,US-2016-168620,12/24/2016,12/28/2016,Second Class,RB-19795,Ross Baird,Home Office,United States,Charlotte,North Carolina,28205,South,OFF-BI-10001575,Office Supplies,Binders,GBC Linen Binding Covers,27.882,3,0.7,-20.4468
7240,CA-2016-101651,12/24/2016,12/30/2016,Standard Class,SC-20305,Sean Christensen,Consumer,United States,San Jose,California,95123,West,OFF-EN-10001990,Office Supplies,Envelopes,Staple envelope,39.76,7,0,18.6872
6632,CA-2016-105081,12/25/2016,12/30/2016,Standard Class,JE-15715,Joe Elijah,Consumer,United States,Seattle,Washington,98115,West,FUR-TA-10001307,Furniture,Tables,"SAFCO PlanMaster Heigh-Adjustable Drafting Table Base, 43w x 30d x 30-37h, Black",1747.25,5,0,629.01
7397,CA-2016-110975,12/25/2016,12/30/2016,Standard Class,DB-12970,Darren Budd,Corporate,United States,New York City,New York,10024,East,FUR-CH-10003746,Furniture,Chairs,Hon 4070 Series Pagoda Round Back Stacking Chairs,866.646,3,0.1,173.3292
3351,CA-2016-147536,12/26/2016,12/31/2016,Standard Class,AR-10510,Andrew Roberts,Consumer,United States,New York City,New York,10024,East,TEC-AC-10003280,Technology,Accessories,Belkin F8E887 USB Wired Ergonomic Keyboard,89.97,3,0,18.8937
4595,CA-2016-129868,12/26/2016,12/31/2016,Standard Class,MC-18130,Mike Caudle,Corporate,United States,Los Angeles,California,90004,West,FUR-TA-10003473,Furniture,Tables,Bretford Rectangular Conference Table Tops,902.712,3,0.2,33.8517
4440,CA-2016-162726,12/27/2016,1/2/2017,Standard Class,MT-17815,Meg Tillman,Consumer,United States,Port Arthur,Texas,77642,Central,OFF-PA-10004041,Office Supplies,Paper,"It's Hot Message Books with Stickers, 2 3/4"" x 5""",23.68,4,0.2,7.4
4155,CA-2016-139689,12/29/2016,1/3/2017,Standard Class,MP-17965,Michael Paige,Corporate,United States,Bristol,Tennessee,37620,South,OFF-BI-10004781,Office Supplies,Binders,GBC Wire Binding Strips,38.088,4,0.7,-27.9312
8725,US-2016-135209,12/29/2016,12/31/2016,Second Class,MH-17290,Marc Harrigan,Home Office,United States,Miami,Florida,33178,South,OFF-PA-10000143,Office Supplies,Paper,Astroparche Fine Business Paper,25.344,6,0.2,8.8704
5761,US-2016-111528,12/30/2016,12/30/2016,Same Day,JP-16135,Julie Prescott,Home Office,United States,Los Angeles,California,90032,West,OFF-BI-10002194,Office Supplies,Binders,Cardinal Hold-It CD Pocket,6.384,1,0.2,2.1546
4613,US-2017-165953,12/31/2016,1/6/2017,Standard Class,EP-13915,Emily Phan,Consumer,United States,Jacksonville,Florida,32216,South,OFF-AR-10000588,Office Supplies,Art,Newell 345,47.616,3,0.2,3.5712
8070,CA-2017-151750,1/1/2017,1/5/2017,Standard Class,JM-15250,Janet Martin,Consumer,United States,Huntsville,Texas,77340,Central,OFF-ST-10002743,Office Supplies,Storage,SAFCO Boltless Steel Shelving,454.56,5,0.2,-107.958
1341,CA-2017-113481,1/2/2017,1/4/2017,First Class,AS-10045,Aaron Smayling,Corporate,United States,Jacksonville,North Carolina,28540,South,TEC-MA-10002178,Technology,Machines,Cisco CP-7937G Unified IP Conference Station Phone,695.7,2,0.5,-27.828
9686,CA-2017-118668,1/2/2017,1/4/2017,Second Class,FW-14395,Fred Wasserman,Corporate,United States,Los Angeles,California,90032,West,TEC-AC-10000682,Technology,Accessories,Kensington K72356US Mouse-in-a-Box USB Desktop Mouse,16.59,1,0,5.8065
7372,US-2017-123862,1/7/2017,1/9/2017,Second Class,JF-15190,Jamie Frazer,Consumer,United States,Long Beach,California,90805,West,OFF-ST-10000760,Office Supplies,Storage,Eldon Fold 'N Roll Cart System,153.78,11,0,44.5962
1847,US-2017-158512,1/12/2017,1/17/2017,Second Class,DA-13450,Dianna Arnett,Home Office,United States,Washington,District of Columbia,20016,East,FUR-FU-10004973,Furniture,Furnishings,Flat Face Poster Frame,37.68,2,0,15.8256
1183,CA-2017-138779,1/14/2017,1/15/2017,First Class,RB-19570,Rob Beeghly,Consumer,United States,Jacksonville,North Carolina,28540,South,OFF-EN-10002504,Office Supplies,Envelopes,"Tyvek  Top-Opening Peel & Seel Envelopes, Plain White",21.744,1,0.2,7.3386
4913,CA-2017-127306,1/14/2017,1/18/2017,Standard Class,BH-11710,Brosina Hoffman,Consumer,United States,Johnson City,Tennessee,37604,South,OFF-BI-10002003,Office Supplies,Binders,Ibico Presentation Index for Binding Systems,5.97,5,0.7,-4.577
9863,CA-2017-113278,1/14/2017,1/20/2017,Standard Class,HR-14770,Hallie Redmond,Home Office,United States,Richmond,Indiana,47374,Central,TEC-AC-10001445,Technology,Accessories,Imation USB 2.0 Swivel Flash Drive USB flash drive - 4 GB - Pink,12.12,4,0,2.5452
5068,CA-2017-160934,1/15/2017,1/19/2017,Standard Class,TT-21460,Tonja Turnell,Home Office,United States,Los Angeles,California,90008,West,OFF-AR-10003504,Office Supplies,Art,Newell 347,21.4,5,0,6.206
6521,CA-2017-138289,1/16/2017,1/18/2017,Second Class,AR-10540,Andy Reiter,Consumer,United States,Jackson,Michigan,49201,Central,OFF-BI-10004995,Office Supplies,Binders,GBC DocuBind P400 Electric Binding System,5443.96,4,0,2504.2216
9119,CA-2017-153045,1/19/2017,1/24/2017,Second Class,NS-18505,Neola Schneider,Consumer,United States,Philadelphia,Pennsylvania,19140,East,OFF-PA-10003673,Office Supplies,Paper,Strathmore Photo Mount Cards,21.696,4,0.2,7.0512
2408,CA-2017-144589,1/20/2017,1/25/2017,Standard Class,TM-21010,Tamara Manning,Consumer,United States,San Francisco,California,94122,West,OFF-AR-10003631,Office Supplies,Art,Staples in misc. colors,24.2,5,0,7.986
736,CA-2017-131954,1/21/2017,1/25/2017,Standard Class,DS-13030,Darrin Sayre,Home Office,United States,Seattle,Washington,98115,West,OFF-BI-10003291,Office Supplies,Binders,Wilson Jones Leather-Like Binders with DublLock Round Rings,27.936,4,0.2,9.4284
2682,CA-2017-127026,1/21/2017,1/27/2017,Standard Class,MH-18115,Mick Hernandez,Home Office,United States,Jackson,Michigan,49201,Central,OFF-BI-10001196,Office Supplies,Binders,"Avery Flip-Chart Easel Binder, Black",89.52,4,0,42.0744
519,CA-2017-127432,1/22/2017,1/27/2017,Standard Class,AD-10180,Alan Dominguez,Home Office,United States,Great Falls,Montana,59405,West,OFF-ST-10004459,Office Supplies,Storage,Tennsco Single-Tier Lockers,1126.02,3,0,56.301
6360,CA-2017-139080,1/23/2017,1/28/2017,Standard Class,CS-12250,Chris Selesnick,Corporate,United States,Seattle,Washington,98103,West,TEC-PH-10004100,Technology,Phones,Griffin GC17055 Auxiliary Audio Cable,86.352,6,0.2,8.6352
2834,CA-2017-134649,1/26/2017,1/31/2017,Second Class,CA-11965,Carol Adams,Corporate,United States,Hoover,Alabama,35244,South,OFF-AR-10001547,Office Supplies,Art,Newell 311,15.47,7,0,4.1769
2170,CA-2017-117870,1/27/2017,1/30/2017,Second Class,JH-15820,John Huston,Consumer,United States,Kent,Ohio,44240,East,TEC-AC-10000927,Technology,Accessories,Anker Ultrathin Bluetooth Wireless Keyboard Aluminum Cover with Stand ,71.976,3,0.2,-8.997
3886,US-2017-127341,1/29/2017,2/2/2017,Standard Class,CK-12595,Clytie Kelty,Consumer,United States,Chicago,Illinois,60653,Central,OFF-BI-10001072,Office Supplies,Binders,"GBC Clear Cover, 8-1/2 x 11, unpunched, 25 covers per pack",12.128,4,0.8,-20.6176
9916,CA-2017-160927,1/29/2017,1/31/2017,Second Class,TM-21010,Tamara Manning,Consumer,United States,Marion,Iowa,52302,Central,OFF-PA-10000176,Office Supplies,Paper,Xerox 1887,94.85,5,0,45.528
775,CA-2017-104220,1/30/2017,2/5/2017,Standard Class,BV-11245,Benjamin Venier,Corporate,United States,Des Moines,Iowa,50315,Central,OFF-AR-10004648,Office Supplies,Art,Boston 19500 Mighty Mite Electric Pencil Sharpener,40.3,2,0,10.881
8268,CA-2017-121790,1/30/2017,2/6/2017,Standard Class,LP-17095,Liz Preis,Consumer,United States,Aurora,Illinois,60505,Central,FUR-TA-10003469,Furniture,Tables,Balt Split Level Computer Training Table,69.375,1,0.5,-47.175
133,US-2017-164147,2/2/2017,2/5/2017,First Class,DW-13585,Dorothy Wardle,Corporate,United States,Columbus,Ohio,43229,East,OFF-FA-10002780,Office Supplies,Fasteners,Staples,21.456,9,0.2,6.9732
1321,CA-2017-167703,2/3/2017,2/8/2017,Standard Class,MC-17575,Matt Collins,Consumer,United States,Cincinnati,Ohio,45231,East,OFF-BI-10002071,Office Supplies,Binders,Fellowes Black Plastic Comb Bindings,5.229,3,0.7,-4.1832
7448,CA-2017-127474,2/3/2017,2/7/2017,Second Class,RD-19810,Ross DeVincentis,Home Office,United States,Chicago,Illinois,60610,Central,OFF-PA-10000418,Office Supplies,Paper,Xerox 189,419.4,5,0.2,146.79
5973,CA-2017-115105,2/6/2017,2/11/2017,Standard Class,BD-11770,Bryan Davis,Consumer,United States,New York City,New York,10024,East,FUR-BO-10001811,Furniture,Bookcases,"Atlantic Metals Mobile 5-Shelf Bookcases, Custom Colors",240.784,1,0.2,30.098
3088,CA-2017-118773,2/9/2017,2/14/2017,Standard Class,TP-21415,Tom Prescott,Consumer,United States,Houston,Texas,77070,Central,OFF-AP-10000055,Office Supplies,Appliances,Belkin F9S820V06 8 Outlet Surge,12.992,2,0.8,-32.48
3147,CA-2017-131828,2/11/2017,2/13/2017,Second Class,CS-11845,Cari Sayre,Corporate,United States,Seattle,Washington,98105,West,TEC-PH-10002923,Technology,Phones,"Logitech B530 USB Headset - headset - Full size, Binaural",88.776,3,0.2,7.7679
5599,CA-2017-151176,2/13/2017,2/20/2017,Standard Class,SV-20785,Stewart Visinsky,Consumer,United States,Baltimore,Maryland,21215,East,OFF-AR-10000614,Office Supplies,Art,Barrel Sharpener,10.71,3,0,2.7846
8674,CA-2017-163265,2/16/2017,2/21/2017,Standard Class,JS-16030,Joy Smith,Consumer,United States,Decatur,Illinois,62521,Central,FUR-CH-10004063,Furniture,Chairs,Global Deluxe High-Back Manager's Chair,600.558,3,0.3,-8.5794
4653,CA-2017-132647,2/17/2017,2/23/2017,Standard Class,GH-14410,Gary Hansen,Home Office,United States,Perth Amboy,New Jersey,8861,East,OFF-PA-10001838,Office Supplies,Paper,"Adams Telephone Message Book W/Dividers/Space For Phone Numbers, 5 1/4""X8 1/2"", 300/Messages",11.76,2,0,5.7624
9346,CA-2017-109085,2/17/2017,2/20/2017,First Class,CK-12325,Christine Kargatis,Home Office,United States,Troy,Ohio,45373,East,TEC-PH-10000526,Technology,Phones,Vtech CS6719,57.594,1,0.4,-11.5188
2910,CA-2017-166415,2/19/2017,2/23/2017,Standard Class,ME-17725,Max Engle,Consumer,United States,Seattle,Washington,98103,West,OFF-FA-10004968,Office Supplies,Fasteners,Rubber Band Ball,11.22,3,0,0.2244
4523,CA-2017-105445,2/20/2017,2/25/2017,Second Class,BP-11095,Bart Pistole,Corporate,United States,Louisville,Colorado,80027,West,OFF-FA-10001229,Office Supplies,Fasteners,Staples,9.432,3,0.2,3.0654
9318,CA-2017-124940,2/21/2017,2/26/2017,Standard Class,DK-13090,Dave Kipp,Consumer,United States,Carrollton,Texas,75007,Central,TEC-AC-10002076,Technology,Accessories,Microsoft Natural Keyboard Elite,47.904,1,0.2,-2.994
3765,CA-2017-125878,2/25/2017,3/2/2017,Standard Class,MH-18025,Michelle Huthwaite,Consumer,United States,Chicago,Illinois,60623,Central,OFF-BI-10002609,Office Supplies,Binders,Avery Hidden Tab Dividers for Binding Systems,1.788,3,0.8,-3.0396
1193,CA-2017-117212,2/26/2017,2/28/2017,Second Class,BT-11530,Bradley Talbott,Home Office,United States,Los Angeles,California,90036,West,OFF-PA-10000682,Office Supplies,Paper,Xerox 1924,23.12,4,0,11.3288
1770,CA-2017-146024,3/2/2017,3/8/2017,Standard Class,SC-20770,Stewart Carmichael,Corporate,United States,Dallas,Texas,75081,Central,OFF-SU-10001935,Office Supplies,Supplies,Staple remover,6.976,4,0.2,-1.3952
7641,CA-2017-104885,3/2/2017,3/8/2017,Standard Class,DB-13555,Dorothy Badders,Corporate,United States,Newark,Delaware,19711,East,OFF-PA-10002764,Office Supplies,Paper,Easy-staple paper,68.04,6,0,33.3396
3475,CA-2017-111815,3/3/2017,3/10/2017,Standard Class,EP-13915,Emily Phan,Consumer,United States,Dearborn Heights,Michigan,48127,Central,TEC-AC-10002926,Technology,Accessories,Logitech Wireless Marathon Mouse M705,99.98,2,0,42.9914
6447,US-2017-119816,3/4/2017,3/6/2017,Second Class,TT-21460,Tonja Turnell,Home Office,United States,Houston,Texas,77095,Central,FUR-FU-10004848,Furniture,Furnishings,"Howard Miller 13-3/4"" Diameter Brushed Chrome Round Wall Clock",103.5,5,0.6,-77.625
4747,CA-2017-168123,3/5/2017,3/5/2017,Same Day,JD-16060,Julia Dunbar,Consumer,United States,Rochester,Minnesota,55901,Central,OFF-BI-10001097,Office Supplies,Binders,Avery Hole Reinforcements,18.69,3,0,9.1581
4180,US-2017-119039,3/6/2017,3/10/2017,Standard Class,BF-11170,Ben Ferrer,Home Office,United States,San Francisco,California,94109,West,OFF-BI-10004182,Office Supplies,Binders,Economy Binders,14.976,9,0.2,5.4288
9313,CA-2017-148642,3/6/2017,3/12/2017,Standard Class,DW-13540,Don Weiss,Consumer,United States,Dallas,Texas,75220,Central,OFF-AR-10000588,Office Supplies,Art,Newell 345,63.488,4,0.2,4.7616
4885,CA-2017-104080,3/8/2017,3/15/2017,Standard Class,AH-10210,Alan Hwang,Consumer,United States,Anaheim,California,92804,West,OFF-AR-10001972,Office Supplies,Art,Newell 323,3.36,2,0,0.8736
1257,CA-2017-144638,3/10/2017,3/14/2017,Standard Class,MH-18115,Mick Hernandez,Home Office,United States,Chester,Pennsylvania,19013,East,FUR-FU-10003535,Furniture,Furnishings,Howard Miller Distant Time Traveler Alarm Clock,43.872,2,0.2,11.5164
7144,US-2017-141558,3/11/2017,3/16/2017,Standard Class,MH-17290,Marc Harrigan,Home Office,United States,Philadelphia,Pennsylvania,19140,East,TEC-PH-10002555,Technology,Phones,Nortel Meridian M5316 Digital phone,776.85,5,0.4,-181.265
4636,CA-2017-116288,3/12/2017,3/17/2017,Standard Class,BS-11380,Bill Stewart,Corporate,United States,San Francisco,California,94122,West,OFF-ST-10000736,Office Supplies,Storage,Carina Double Wide Media Storage Towers in Natural & Black,242.94,3,0,9.7176
3069,CA-2017-106859,3/13/2017,3/18/2017,Second Class,BF-11215,Benjamin Farhat,Home Office,United States,Albuquerque,New Mexico,87105,West,OFF-PA-10001815,Office Supplies,Paper,Xerox 1885,288.24,6,0,138.3552
5570,CA-2017-157966,3/13/2017,3/13/2017,Same Day,SU-20665,Stephanie Ulpright,Home Office,United States,Chicago,Illinois,60610,Central,OFF-PA-10001934,Office Supplies,Paper,Xerox 1993,15.552,3,0.2,5.6376
9392,CA-2017-162474,3/13/2017,3/16/2017,First Class,FH-14275,Frank Hawley,Corporate,United States,Aurora,Illinois,60505,Central,TEC-PH-10004700,Technology,Phones,PowerGen Dual USB Car Charger,7.992,1,0.2,2.5974
8526,CA-2017-161172,3/16/2017,3/16/2017,Same Day,SP-20920,Susan Pistek,Consumer,United States,Columbus,Ohio,43229,East,FUR-FU-10003424,Furniture,Furnishings,Nu-Dell Oak Frame,51.264,6,0.2,7.6896
9741,CA-2017-129294,3/16/2017,3/21/2017,Standard Class,KD-16615,Ken Dana,Corporate,United States,Los Angeles,California,90032,West,OFF-AP-10001154,Office Supplies,Appliances,Bionaire Personal Warm Mist Humidifier/Vaporizer,140.67,3,0,54.8613
2456,CA-2017-140949,3/17/2017,3/22/2017,Second Class,DB-13405,Denny Blanton,Consumer,United States,New York City,New York,10011,East,OFF-ST-10000344,Office Supplies,Storage,"Neat Ideas Personal Hanging Folder Files, Black",107.44,8,0,27.9344
677,US-2017-119438,3/18/2017,3/23/2017,Standard Class,CD-11980,Carol Darley,Consumer,United States,Tyler,Texas,75701,Central,OFF-AP-10000804,Office Supplies,Appliances,Hoover Portapower Portable Vacuum,2.688,3,0.8,-7.392
9014,CA-2017-143084,3/18/2017,3/22/2017,Standard Class,BP-11050,Barry Pond,Corporate,United States,Los Angeles,California,90008,West,OFF-AR-10002766,Office Supplies,Art,Prang Drawing Pencil Set,13.9,5,0,3.753
4346,CA-2017-105410,3/19/2017,3/22/2017,First Class,ND-18370,Natalie DeCherney,Consumer,United States,San Francisco,California,94110,West,TEC-AC-10002926,Technology,Accessories,Logitech Wireless Marathon Mouse M705,199.96,4,0,85.9828
447,CA-2017-154214,3/20/2017,3/25/2017,Second Class,TB-21595,Troy Blackwell,Consumer,United States,Columbus,Indiana,47201,Central,FUR-FU-10000206,Furniture,Furnishings,"GE General Purpose, Extra Long Life, Showcase & Floodlight Incandescent Bulbs",2.91,1,0,1.3677
2334,CA-2017-169285,3/21/2017,3/25/2017,Standard Class,RW-19690,Robert Waldorf,Consumer,United States,Lafayette,Indiana,47905,Central,OFF-PA-10004971,Office Supplies,Paper,Xerox 196,5.78,1,0,2.8322
9362,CA-2017-111591,3/21/2017,3/25/2017,Standard Class,PS-18970,Paul Stevenson,Home Office,United States,Seattle,Washington,98105,West,OFF-BI-10004410,Office Supplies,Binders,"C-Line Peel & Stick Add-On Filing Pockets, 8-3/4 x 5-1/8, 10/Pack",30.576,6,0.2,10.3194
5021,CA-2017-136511,3/23/2017,3/25/2017,Second Class,MZ-17515,Mary Zewe,Corporate,United States,New York City,New York,10011,East,OFF-SU-10003505,Office Supplies,Supplies,Premier Electric Letter Opener,347.58,3,0,17.379
7798,CA-2017-166184,3/24/2017,3/27/2017,First Class,HR-14830,Harold Ryan,Corporate,United States,New York City,New York,10035,East,OFF-EN-10004483,Office Supplies,Envelopes,"#10 White Business Envelopes,4 1/8 x 9 1/2",47.01,3,0,22.0947
2384,US-2017-117534,3/25/2017,3/26/2017,First Class,CV-12295,Christina VanderZanden,Consumer,United States,Fresno,California,93727,West,OFF-AR-10003087,Office Supplies,Art,Staples in misc. colors,16.02,9,0,4.4856
3391,CA-2017-101077,3/25/2017,3/30/2017,Second Class,DB-13660,Duane Benoit,Consumer,United States,Dallas,Texas,75081,Central,OFF-PA-10004239,Office Supplies,Paper,Xerox 1953,6.848,2,0.2,2.14
6130,CA-2017-162033,3/26/2017,4/2/2017,Standard Class,EM-14200,Evan Minnotte,Home Office,United States,Virginia Beach,Virginia,23464,South,TEC-AC-10003116,Technology,Accessories,Memorex Froggy Flash Drive 8 GB,53.25,3,0,20.7675
4676,CA-2017-139416,3/27/2017,3/29/2017,Second Class,AG-10270,Alejandro Grove,Consumer,United States,Philadelphia,Pennsylvania,19120,East,FUR-FU-10003832,Furniture,Furnishings,"Eldon Expressions Punched Metal & Wood Desk Accessories, Black & Cherry",15.008,2,0.2,1.5008
9757,CA-2017-113705,3/27/2017,3/29/2017,Second Class,LC-16870,Lena Cacioppo,Consumer,United States,Richmond,Virginia,23223,South,FUR-TA-10002533,Furniture,Tables,BPI Conference Tables,292.1,2,0,58.42
1880,US-2017-166611,3/28/2017,4/2/2017,Standard Class,CK-12760,Cyma Kinney,Corporate,United States,Jacksonville,Florida,32216,South,OFF-BI-10001191,Office Supplies,Binders,Canvas Sectional Post Binders,68.742,9,0.7,-48.1194
5746,US-2017-147886,3/28/2017,3/31/2017,First Class,DH-13075,Dave Hallsten,Corporate,United States,Fairfield,California,94533,West,FUR-FU-10003829,Furniture,Furnishings,Stackable Trays,21.56,7,0,6.8992
8665,CA-2017-126634,3/30/2017,4/1/2017,Second Class,AB-10165,Alan Barnes,Consumer,United States,Lakewood,California,90712,West,FUR-FU-10004973,Furniture,Furnishings,Flat Face Poster Frame,94.2,5,0,39.564
3090,US-2017-159205,3/31/2017,4/2/2017,Second Class,DB-12910,Daniel Byrd,Home Office,United States,Henderson,Kentucky,42420,South,TEC-PH-10000526,Technology,Phones,Vtech CS6719,671.93,7,0,188.1404
2402,CA-2017-145877,4/1/2017,4/4/2017,Second Class,AS-10090,Adam Shillingsburg,Consumer,United States,Springfield,Missouri,65807,Central,OFF-ST-10000649,Office Supplies,Storage,Hanging Personal Folder File,94.2,6,0,23.55
5488,CA-2017-134495,4/1/2017,4/4/2017,Second Class,BF-11020,Barry Französisch,Corporate,United States,Jacksonville,Florida,32216,South,TEC-PH-10004897,Technology,Phones,Mediabridge Sport Armband iPhone 5s,23.976,3,0.2,-5.6943
3050,CA-2017-121419,4/2/2017,4/4/2017,First Class,TC-21475,Tony Chapman,Home Office,United States,Columbus,Georgia,31907,South,TEC-AC-10000892,Technology,Accessories,NETGEAR N750 Dual Band Wi-Fi Gigabit Router,360,4,0,129.6
6367,CA-2017-144848,4/4/2017,4/5/2017,First Class,DS-13030,Darrin Sayre,Home Office,United States,New York City,New York,10009,East,OFF-SU-10000646,Office Supplies,Supplies,Premier Automatic Letter Opener,240.37,1,0,7.2111
233,US-2017-100930,4/7/2017,4/12/2017,Standard Class,CS-12400,Christopher Schild,Home Office,United States,Tampa,Florida,33614,South,FUR-TA-10003473,Furniture,Tables,Bretford Rectangular Conference Table Tops,620.6145,3,0.45,-248.2458
2849,CA-2017-157854,4/8/2017,4/15/2017,Standard Class,DM-13345,Denise Monton,Corporate,United States,Roswell,Georgia,30076,South,OFF-BI-10001359,Office Supplies,Binders,GBC DocuBind TL300 Electric Binding System,2690.97,3,0,1264.7559
965,CA-2017-135279,4/9/2017,4/11/2017,First Class,BS-11800,Bryan Spruell,Home Office,United States,New York City,New York,10011,East,OFF-LA-10004055,Office Supplies,Labels,Color-Coded Legal Exhibit Labels,9.82,2,0,4.8118
1283,CA-2017-122154,4/9/2017,4/11/2017,First Class,SA-20830,Sue Ann Reed,Consumer,United States,Jacksonville,Florida,32216,South,OFF-BI-10002026,Office Supplies,Binders,Avery Arch Ring Binders,17.43,1,0.7,-13.363
3503,CA-2017-125115,4/10/2017,4/10/2017,Same Day,RD-19930,Russell D'Ascenzo,Consumer,United States,Austin,Texas,78745,Central,OFF-PA-10004101,Office Supplies,Paper,Xerox 1894,10.368,2,0.2,3.6288
7425,CA-2017-135069,4/10/2017,4/14/2017,Standard Class,BS-11755,Bruce Stewart,Consumer,United States,Philadelphia,Pennsylvania,19143,East,FUR-FU-10003878,Furniture,Furnishings,"Linden 10"" Round Wall Clock, Black",36.672,3,0.2,6.4176
8319,CA-2017-130904,4/11/2017,4/16/2017,Standard Class,HM-14980,Henry MacAllister,Consumer,United States,Burlington,North Carolina,27217,South,OFF-AR-10000127,Office Supplies,Art,Newell 321,20.992,8,0.2,2.3616
930,CA-2017-144932,4/14/2017,4/17/2017,First Class,AB-10165,Alan Barnes,Consumer,United States,Toledo,Ohio,43615,East,OFF-AR-10003560,Office Supplies,Art,Zebra Zazzle Fluorescent Highlighters,14.592,3,0.2,2.5536
5646,CA-2017-127117,4/14/2017,4/19/2017,Standard Class,HM-14860,Harry Marie,Corporate,United States,Morristown,New Jersey,7960,East,FUR-FU-10004018,Furniture,Furnishings,Tensor Computer Mounted Lamp,74.45,5,0,20.1015
1521,CA-2017-109946,4/16/2017,4/21/2017,Standard Class,PL-18925,Paul Lucas,Home Office,United States,Chicago,Illinois,60610,Central,OFF-AR-10001419,Office Supplies,Art,Newell 325,16.52,5,0.2,2.065
3233,US-2017-156356,4/16/2017,4/22/2017,Standard Class,ND-18370,Natalie DeCherney,Consumer,United States,Houston,Texas,77095,Central,OFF-BI-10001107,Office Supplies,Binders,"GBC White Gloss Covers, Plain Front",2.896,1,0.8,-4.7784
3015,CA-2017-134845,4/17/2017,4/23/2017,Standard Class,SR-20425,Sharelle Roach,Home Office,United States,Louisville,Colorado,80027,West,OFF-PA-10002005,Office Supplies,Paper,Xerox 225,20.736,4,0.2,7.2576
6863,CA-2017-128965,4/17/2017,4/22/2017,Standard Class,PS-18760,Pamela Stobb,Consumer,United States,Los Angeles,California,90008,West,FUR-CH-10003774,Furniture,Chairs,"Global Wood Trimmed Manager's Task Chair, Khaki",218.352,3,0.2,-19.1058
6766,CA-2017-100615,4/20/2017,4/24/2017,Standard Class,SJ-20215,Sarah Jordon,Consumer,United States,Chicago,Illinois,60653,Central,FUR-CH-10002602,Furniture,Chairs,DMI Arturo Collection Mission-style Design Wood Chair,317.058,3,0.3,-18.1176
9879,US-2017-166324,4/20/2017,4/21/2017,First Class,BE-11455,Brad Eason,Home Office,United States,Cleveland,Ohio,44105,East,TEC-PH-10004080,Technology,Phones,Avaya 5410 Digital phone,122.382,3,0.4,-24.4764
7567,CA-2017-140802,4/21/2017,4/23/2017,First Class,KN-16390,Katherine Nockton,Corporate,United States,Houston,Texas,77070,Central,TEC-AC-10001998,Technology,Accessories,Logitech LS21 Speaker System - PC Multimedia - 2.1-CH - Wired,47.976,3,0.2,8.3958
3867,CA-2017-146360,4/23/2017,4/25/2017,Second Class,SC-20305,Sean Christensen,Consumer,United States,Lawrence,Indiana,46226,Central,TEC-AC-10003590,Technology,Accessories,"TRENDnet 56K USB 2.0 Phone, Internet and Fax Modem",155.34,6,0,55.9224
8470,US-2017-132031,4/23/2017,4/27/2017,Standard Class,PN-18775,Parhena Norris,Home Office,United States,Clarksville,Tennessee,37042,South,FUR-BO-10001972,Furniture,Bookcases,O'Sullivan 4-Shelf Bookcase in Odessa Pine,387.136,4,0.2,-14.5176
1686,CA-2017-149489,4/24/2017,4/27/2017,First Class,DK-12835,Damala Kotsonis,Corporate,United States,Philadelphia,Pennsylvania,19143,East,OFF-BI-10002813,Office Supplies,Binders,Avery Reinforcements for Hole-Punch Pages,1.188,2,0.7,-0.99
8201,CA-2017-125269,4/24/2017,4/30/2017,Standard Class,AF-10870,Art Ferguson,Consumer,United States,Chicago,Illinois,60610,Central,OFF-ST-10004123,Office Supplies,Storage,Safco Industrial Wire Shelving System,72.784,1,0.2,-18.196
7172,CA-2017-125381,4/25/2017,4/27/2017,Second Class,SG-20605,Speros Goranitis,Consumer,United States,San Francisco,California,94109,West,TEC-AC-10000158,Technology,Accessories,Sony 64GB Class 10 Micro SDHC R40 Memory Card,107.97,3,0,22.6737
4637,CA-2017-168228,4/27/2017,4/29/2017,First Class,AP-10915,Arthur Prichep,Consumer,United States,Los Angeles,California,90045,West,OFF-AR-10003373,Office Supplies,Art,"Boston School Pro Electric Pencil Sharpener, 1670",123.92,4,0,33.4584
8365,CA-2017-137631,4/28/2017,5/2/2017,Standard Class,JL-15235,Janet Lee,Consumer,United States,Kissimmee,Florida,34741,South,TEC-PH-10002624,Technology,Phones,Samsung Galaxy S4 Mini,751.984,2,0.2,84.5982
1916,CA-2017-124597,4/30/2017,5/5/2017,Standard Class,AS-10630,Ann Steele,Home Office,United States,Boynton Beach,Florida,33437,South,OFF-AR-10002280,Office Supplies,Art,Staples in misc. colors,15.528,3,0.2,4.8525
5289,US-2017-136784,4/30/2017,5/5/2017,Standard Class,AD-10180,Alan Dominguez,Home Office,United States,San Francisco,California,94122,West,OFF-PA-10000675,Office Supplies,Paper,Xerox 1919,163.96,4,0,80.3404
3896,CA-2017-110212,5/1/2017,5/5/2017,Standard Class,SJ-20125,Sanjit Jacobs,Home Office,United States,Texarkana,Arkansas,71854,South,TEC-AC-10002331,Technology,Accessories,"Maxell 74 Minute CDR, 10/Pack",48.9,5,0,18.093
6913,US-2017-128398,5/2/2017,5/5/2017,Second Class,EM-13825,Elizabeth Moffitt,Corporate,United States,Los Angeles,California,90049,West,TEC-AC-10001714,Technology,Accessories,Logitech MX Performance Wireless Mouse,159.56,4,0,59.0372
7610,CA-2017-163209,5/3/2017,5/7/2017,Standard Class,MK-18160,Mike Kennedy,Consumer,United States,San Francisco,California,94122,West,OFF-AR-10003651,Office Supplies,Art,Newell 350,22.96,7,0,6.6584
1354,CA-2017-162978,5/4/2017,5/9/2017,Standard Class,LW-16990,Lindsay Williams,Corporate,United States,San Francisco,California,94109,West,OFF-PA-10002250,Office Supplies,Paper,Things To Do Today Pad,17.61,3,0,8.4528
7178,CA-2017-133067,5/4/2017,5/10/2017,Standard Class,MY-18295,Muhammed Yedwab,Corporate,United States,Philadelphia,Pennsylvania,19140,East,OFF-BI-10002897,Office Supplies,Binders,"Black Avery Memo-Size 3-Ring Binder, 5 1/2"" x 8 1/2""",2.202,2,0.7,-1.5414
6264,CA-2017-160724,5/5/2017,5/10/2017,Standard Class,YS-21880,Yana Sorensen,Corporate,United States,Columbus,Georgia,31907,South,OFF-BI-10004965,Office Supplies,Binders,Ibico Covers for Plastic or Wire Binding Elements,34.5,3,0,15.525
4670,US-2017-133200,5/6/2017,5/11/2017,Standard Class,DB-13555,Dorothy Badders,Corporate,United States,Fort Worth,Texas,76106,Central,FUR-BO-10001601,Furniture,Bookcases,"Sauder Mission Library with Doors, Fruitwood Finish",623.4648,7,0.32,-119.1918
9923,US-2017-162124,5/6/2017,5/10/2017,Standard Class,JF-15490,Jeremy Farry,Consumer,United States,Chicago,Illinois,60653,Central,TEC-AC-10001990,Technology,Accessories,Kensington Orbit Wireless Mobile Trackball for PC and Mac,191.968,4,0.2,28.7952
1596,CA-2017-149181,5/8/2017,5/12/2017,Standard Class,MD-17350,Maribeth Dona,Consumer,United States,Columbus,Ohio,43229,East,FUR-CH-10004540,Furniture,Chairs,Global Chrome Stack Chair,47.992,2,0.3,-2.0568
8417,CA-2017-118199,5/9/2017,5/11/2017,First Class,LB-16795,Laurel Beltran,Home Office,United States,Seattle,Washington,98105,West,OFF-BI-10004330,Office Supplies,Binders,"GBC Velobind Prepunched Cover Sets, Regency Series",147.92,5,0.2,46.225
4124,CA-2017-133823,5/11/2017,5/12/2017,Same Day,LP-17080,Liz Pelletier,Consumer,United States,Seattle,Washington,98103,West,OFF-BI-10000962,Office Supplies,Binders,"Acco Flexible ACCOHIDE Square Ring Data Binder, Dark Blue, 11 1/2"" X 14"" 7/8""",26.032,2,0.2,9.4366
1857,US-2017-158218,5/12/2017,5/15/2017,Second Class,AC-10420,Alyssa Crouse,Corporate,United States,Houston,Texas,77041,Central,OFF-ST-10000563,Office Supplies,Storage,Fellowes Bankers Box Stor/Drawer Steel Plus,127.92,5,0.2,-15.99
5824,CA-2017-117632,5/12/2017,5/18/2017,Standard Class,CS-12175,Charles Sheldon,Corporate,United States,San Francisco,California,94122,West,OFF-BI-10001900,Office Supplies,Binders,"DXL Angle-View Binders with Locking Rings, Black",19.168,4,0.2,6.4692
2595,CA-2017-149048,5/13/2017,5/17/2017,Standard Class,BM-11650,Brian Moss,Corporate,United States,Columbus,Indiana,47201,Central,OFF-EN-10003296,Office Supplies,Envelopes,Tyvek Side-Opening Peel & Seel Expanding Envelopes,180.96,2,0,81.432
9000,CA-2017-137785,5/13/2017,5/17/2017,Standard Class,MH-18115,Mick Hernandez,Home Office,United States,Philadelphia,Pennsylvania,19140,East,FUR-CH-10001482,Furniture,Chairs,Office Star - Mesh Screen back chair with Vinyl seat,458.43,5,0.3,-124.431
4650,CA-2017-129357,5/14/2017,5/19/2017,Standard Class,KB-16585,Ken Black,Corporate,United States,Seattle,Washington,98103,West,OFF-SU-10004498,Office Supplies,Supplies,Martin-Yale Premier Letter Opener,64.4,5,0,1.932
6460,US-2017-133361,5/14/2017,5/17/2017,First Class,AJ-10780,Anthony Jacobs,Corporate,United States,Baltimore,Maryland,21215,East,OFF-AR-10003045,Office Supplies,Art,Prang Colored Pencils,14.7,5,0,6.615
6547,US-2017-154872,5/14/2017,5/18/2017,Standard Class,DP-13000,Darren Powers,Consumer,United States,Cleveland,Ohio,44105,East,OFF-PA-10000483,Office Supplies,Paper,Xerox 19,24.784,1,0.2,7.745
5510,US-2017-152569,5/15/2017,5/20/2017,Standard Class,JD-16015,Joy Daniels,Consumer,United States,Chicago,Illinois,60653,Central,OFF-PA-10001736,Office Supplies,Paper,Xerox 1880,56.704,2,0.2,19.1376
4188,CA-2017-112536,5/18/2017,5/23/2017,Standard Class,SG-20890,Susan Gilcrest,Corporate,United States,Mcallen,Texas,78501,Central,OFF-BI-10002571,Office Supplies,Binders,"Avery Framed View Binder, EZD Ring (Locking), Navy, 1 1/2""",1.996,1,0.8,-3.2934
4715,CA-2017-121643,5/18/2017,5/20/2017,First Class,AB-10105,Adrian Barton,Consumer,United States,Portland,Oregon,97206,West,TEC-PH-10002200,Technology,Phones,Aastra 6757i CT Wireless VoIP phone,344.704,2,0.2,38.7792
713,US-2017-100048,5/19/2017,5/24/2017,Standard Class,RS-19765,Roland Schwarz,Corporate,United States,Mount Vernon,New York,10550,East,OFF-AP-10001154,Office Supplies,Appliances,Bionaire Personal Warm Mist Humidifier/Vaporizer,281.34,6,0,109.7226
3625,CA-2017-113530,5/19/2017,5/21/2017,Second Class,BC-11125,Becky Castell,Home Office,United States,San Francisco,California,94109,West,FUR-CH-10002647,Furniture,Chairs,"Situations Contoured Folding Chairs, 4/Set",681.408,12,0.2,42.588
5940,CA-2017-122077,5/19/2017,5/25/2017,Standard Class,JF-15295,Jason Fortune-,Consumer,United States,Plano,Texas,75023,Central,OFF-LA-10004178,Office Supplies,Labels,Avery 491,13.216,4,0.2,4.2952
4365,CA-2017-111332,5/20/2017,5/22/2017,Second Class,NC-18340,Nat Carroll,Consumer,United States,Fargo,North Dakota,58103,Central,OFF-ST-10003816,Office Supplies,Storage,Fellowes High-Stak Drawer Files,704.76,4,0,162.0948
9143,US-2017-166688,5/20/2017,5/26/2017,Standard Class,RD-19480,Rick Duston,Consumer,United States,Las Vegas,Nevada,89115,West,OFF-BI-10004040,Office Supplies,Binders,Wilson Jones Impact Binders,8.288,2,0.2,3.0044
5542,US-2017-150595,5/22/2017,5/26/2017,Standard Class,LE-16810,Laurel Elliston,Consumer,United States,Chicago,Illinois,60653,Central,OFF-SU-10000381,Office Supplies,Supplies,Acme Forged Steel Scissors with Black Enamel Handles,22.344,3,0.2,2.5137
4873,CA-2017-164042,5/23/2017,5/27/2017,Standard Class,KL-16645,Ken Lonsdale,Consumer,United States,Houston,Texas,77095,Central,OFF-AP-10001947,Office Supplies,Appliances,Acco 6 Outlet Guardian Premium Plus Surge Suppressor,18.32,5,0.8,-46.716
8016,CA-2017-120168,5/25/2017,5/25/2017,Same Day,TB-21625,Trudy Brown,Consumer,United States,New York City,New York,10009,East,FUR-FU-10000732,Furniture,Furnishings,Eldon 200 Class Desk Accessories,18.84,3,0,6.0288
3083,US-2017-132297,5/27/2017,6/2/2017,Standard Class,DW-13480,Dianna Wilson,Home Office,United States,Louisville,Kentucky,40214,South,TEC-PH-10002834,Technology,Phones,Google Nexus 5,539.97,3,0,134.9925
9448,CA-2017-136882,5/27/2017,6/3/2017,Standard Class,DN-13690,Duane Noonan,Consumer,United States,Tulsa,Oklahoma,74133,Central,FUR-FU-10003664,Furniture,Furnishings,"Electrix Architect's Clamp-On Swing Arm Lamp, Black",477.3,5,0,138.417
8458,US-2017-118556,5/28/2017,6/2/2017,Second Class,TH-21235,Tiffany House,Corporate,United States,Chicago,Illinois,60653,Central,OFF-BI-10004364,Office Supplies,Binders,Storex Dura Pro Binders,3.564,3,0.8,-6.237
9296,CA-2017-161340,5/28/2017,6/1/2017,Standard Class,AM-10360,Alice McCarthy,Corporate,United States,Cleveland,Ohio,44105,East,FUR-BO-10004709,Furniture,Bookcases,"Bush Westfield Collection Bookcases, Medium Cherry Finish",115.96,4,0.5,-64.9376
6250,CA-2017-121580,5/29/2017,6/4/2017,Standard Class,ML-17410,Maris LaWare,Consumer,United States,Columbus,Indiana,47201,Central,OFF-AP-10001564,Office Supplies,Appliances,Hoover Commercial Lightweight Upright Vacuum with E-Z Empty Dirt Cup,465.16,2,0,120.9416
7414,CA-2017-121125,5/30/2017,6/3/2017,Standard Class,MG-17890,Michael Granlund,Home Office,United States,Tigard,Oregon,97224,West,FUR-FU-10000820,Furniture,Furnishings,Tensor Brushed Steel Torchiere Floor Lamp,13.592,1,0.2,-0.3398
4840,CA-2017-106831,6/1/2017,6/3/2017,First Class,FH-14350,Fred Harton,Consumer,United States,Dublin,Ohio,43017,East,TEC-PH-10001700,Technology,Phones,Panasonic KX-TG6844B Expandable Digital Cordless Telephone,158.376,4,0.4,-34.3148
9952,CA-2017-121559,6/1/2017,6/3/2017,Second Class,HW-14935,Helen Wasserman,Corporate,United States,Indianapolis,Indiana,46203,Central,OFF-BI-10002072,Office Supplies,Binders,Cardinal Slant-D Ring Binders,17.38,2,0,8.69
205,CA-2017-126382,6/3/2017,6/7/2017,Standard Class,HK-14890,Heather Kirkland,Corporate,United States,Franklin,Tennessee,37064,South,FUR-FU-10002960,Furniture,Furnishings,"Eldon 200 Class Desk Accessories, Burgundy",35.168,7,0.2,9.6712
6478,CA-2017-140872,6/3/2017,6/10/2017,Standard Class,NR-18550,Nick Radford,Consumer,United States,Pembroke Pines,Florida,33024,South,TEC-AC-10003832,Technology,Accessories,Logitech P710e Mobile Speakerphone,205.992,1,0.2,-2.5749
6485,CA-2017-113908,6/3/2017,6/9/2017,Standard Class,KN-16390,Katherine Nockton,Corporate,United States,New York City,New York,10011,East,TEC-MA-10003173,Technology,Machines,Hewlett-Packard 300S Scientific Calculator,78.66,6,0,36.1836
3193,CA-2017-158953,6/4/2017,6/8/2017,Standard Class,ML-18040,Michelle Lonsdale,Corporate,United States,Missouri City,Texas,77489,Central,OFF-BI-10002557,Office Supplies,Binders,Presstex Flexible Ring Binders,6.37,7,0.8,-9.555
3855,US-2017-131849,6/6/2017,6/10/2017,Standard Class,GH-14410,Gary Hansen,Home Office,United States,San Francisco,California,94122,West,OFF-ST-10002957,Office Supplies,Storage,Sterilite Show Offs Storage Containers,26.4,5,0,0
7815,US-2017-109316,6/8/2017,6/10/2017,First Class,MG-17680,Maureen Gastineau,Home Office,United States,Los Angeles,California,90049,West,FUR-BO-10004834,Furniture,Bookcases,"Riverside Palais Royal Lawyers Bookcase, Royale Cherry Finish",1497.666,2,0.15,140.9568
672,US-2017-106663,6/9/2017,6/13/2017,Standard Class,MO-17800,Meg O'Connel,Home Office,United States,Chicago,Illinois,60653,Central,OFF-PA-10002377,Office Supplies,Paper,"Adams Telephone Message Book W/Dividers/Space For Phone Numbers, 5 1/4""X8 1/2"", 200/Messages",36.352,8,0.2,11.36
2289,CA-2017-143343,6/10/2017,6/13/2017,First Class,BW-11200,Ben Wallace,Consumer,United States,Los Angeles,California,90032,West,OFF-AR-10002375,Office Supplies,Art,Newell 351,16.4,5,0,4.756
7262,CA-2017-137001,6/10/2017,6/13/2017,Second Class,GZ-14545,George Zrebassa,Corporate,United States,Thousand Oaks,California,91360,West,OFF-AR-10001231,Office Supplies,Art,"Sanford EarthWrite Recycled Pencils, Medium Soft, #2",14.7,7,0,4.116
2313,US-2017-120418,6/11/2017,6/12/2017,First Class,BC-11125,Becky Castell,Home Office,United States,Peoria,Arizona,85345,West,OFF-ST-10001809,Office Supplies,Storage,Fellowes Officeware Wire Shelving,215.592,3,0.2,-48.5082
8342,CA-2017-141481,6/11/2017,6/14/2017,First Class,ZD-21925,Zuschuss Donatelli,Consumer,United States,Los Angeles,California,90036,West,OFF-AP-10004532,Office Supplies,Appliances,Kensington 6 Outlet Guardian Standard Surge Protector,61.44,3,0,16.5888
2641,CA-2017-108441,6/12/2017,6/18/2017,Standard Class,SB-20170,Sarah Bern,Consumer,United States,New York City,New York,10035,East,FUR-CH-10000595,Furniture,Chairs,Safco Contoured Stacking Chairs,858.24,4,0.1,143.04
1447,CA-2017-102337,6/13/2017,6/16/2017,First Class,SD-20485,Shirley Daniels,Home Office,United States,Chicago,Illinois,60653,Central,FUR-CH-10004289,Furniture,Chairs,Global Super Steno Chair,470.302,7,0.3,-87.3418
5476,CA-2017-169691,6/15/2017,6/18/2017,First Class,Dp-13240,Dean percer,Home Office,United States,Maple Grove,Minnesota,55369,Central,OFF-LA-10002312,Office Supplies,Labels,Avery 490,44.4,3,0,22.2
8700,CA-2017-119284,6/15/2017,6/20/2017,Standard Class,TS-21205,Thomas Seio,Corporate,United States,Nashville,Tennessee,37211,South,TEC-PH-10000560,Technology,Phones,Samsung Galaxy S III - 16GB - pebble blue (T-Mobile),2239.936,8,0.2,223.9936
830,CA-2017-129462,6/16/2017,6/21/2017,Second Class,JE-15745,Joel Eaton,Consumer,United States,Florence,Kentucky,41042,South,FUR-CH-10000665,Furniture,Chairs,"Global Airflow Leather Mesh Back Chair, Black",301.96,2,0,90.588
2707,CA-2017-155873,6/16/2017,6/21/2017,Standard Class,AB-10255,Alejandro Ballentine,Home Office,United States,Carlsbad,New Mexico,88220,West,OFF-PA-10001246,Office Supplies,Paper,Xerox 215,19.44,3,0,9.3312
1013,CA-2017-118437,6/17/2017,6/21/2017,Second Class,PF-19165,Philip Fox,Consumer,United States,Olympia,Washington,98502,West,OFF-ST-10003722,Office Supplies,Storage,Project Tote Personal File,14.03,1,0,4.0687
4496,CA-2017-112753,6/18/2017,6/23/2017,Standard Class,CC-12670,Craig Carreira,Consumer,United States,Los Angeles,California,90032,West,FUR-BO-10004015,Furniture,Bookcases,"Bush Andora Bookcase, Maple/Graphite Gray Finish",917.9235,9,0.15,75.5937
4101,US-2017-102288,6/19/2017,6/23/2017,Standard Class,ZC-21910,Zuschuss Carroll,Consumer,United States,Houston,Texas,77095,Central,OFF-AP-10004655,Office Supplies,Appliances,"Holmes Visible Mist Ultrasonic Humidifier with 2.3-Gallon Output per Day, Replacement Filter",2.264,1,0.8,-5.2072
9288,CA-2017-154011,6/19/2017,6/26/2017,Standard Class,DB-13270,Deborah Brumfield,Home Office,United States,Dallas,Texas,75081,Central,FUR-TA-10000688,Furniture,Tables,"Chromcraft Bull-Nose Wood Round Conference Table Top, Wood Base",457.485,3,0.3,-84.9615
890,CA-2017-132934,6/20/2017,6/26/2017,Standard Class,JE-15475,Jeremy Ellison,Consumer,United States,New Rochelle,New York,10801,East,TEC-AC-10000927,Technology,Accessories,Anker Ultrathin Bluetooth Wireless Keyboard Aluminum Cover with Stand ,149.95,5,0,14.995
1629,CA-2017-101049,6/21/2017,6/25/2017,Second Class,AS-10240,Alan Shonely,Consumer,United States,Cleveland,Ohio,44105,East,FUR-FU-10004415,Furniture,Furnishings,"Stacking Tray, Side-Loading, Legal, Smoke",17.92,5,0.2,2.464
2765,CA-2017-165757,6/22/2017,6/28/2017,Standard Class,PL-18925,Paul Lucas,Home Office,United States,Philadelphia,Pennsylvania,19140,East,OFF-BI-10003982,Office Supplies,Binders,Wilson Jones Century Plastic Molded Ring Binders,31.155,5,0.7,-23.8855
1512,CA-2017-100384,6/24/2017,7/1/2017,Standard Class,NH-18610,Nicole Hansen,Corporate,United States,Pomona,California,91767,West,OFF-AR-10003514,Office Supplies,Art,4009 Highlighters by Sanford,35.82,9,0,11.8206
1993,CA-2017-133648,6/25/2017,7/2/2017,Standard Class,ML-17755,Max Ludwig,Home Office,United States,Springfield,Oregon,97477,West,OFF-LA-10003923,Office Supplies,Labels,Alphabetical Labels for Top Tab Filing,71.04,6,0.2,26.64
892,CA-2017-133256,6/26/2017,6/27/2017,First Class,TH-21550,Tracy Hopkins,Home Office,United States,Detroit,Michigan,48227,Central,OFF-PA-10001622,Office Supplies,Paper,"Ampad Poly Cover Wirebound Steno Book, 6"" x 9"" Assorted Colors, Gregg Ruled",4.54,1,0,2.043
5386,CA-2017-161410,6/26/2017,7/3/2017,Standard Class,CC-12220,Chris Cortes,Consumer,United States,Philadelphia,Pennsylvania,19143,East,TEC-PH-10000673,Technology,Phones,Plantronics Voyager Pro HD - Bluetooth Headset,545.916,14,0.4,72.7888
6943,CA-2017-107132,6/26/2017,6/30/2017,Standard Class,SC-20260,Scott Cohen,Corporate,United States,New York City,New York,10009,East,OFF-PA-10003790,Office Supplies,Paper,Xerox 1991,68.52,3,0,31.5192
1160,CA-2017-147039,6/29/2017,7/4/2017,Standard Class,AA-10315,Alex Avila,Consumer,United States,Minneapolis,Minnesota,55407,Central,OFF-AP-10000576,Office Supplies,Appliances,"Belkin 325VA UPS Surge Protector, 6'",362.94,3,0,90.735
4711,CA-2017-138149,6/29/2017,6/30/2017,First Class,WB-21850,William Brown,Consumer,United States,Los Angeles,California,90049,West,TEC-AC-10001284,Technology,Accessories,Enermax Briskie RF Wireless Keyboard and Mouse Combo,62.31,3,0,22.4316
395,CA-2017-102946,6/30/2017,7/5/2017,Standard Class,VP-21730,Victor Preis,Home Office,United States,Las Vegas,Nevada,89115,West,OFF-BI-10004492,Office Supplies,Binders,Tuf-Vin Binders,75.792,3,0.2,25.5798
5618,CA-2017-125745,6/30/2017,7/4/2017,Standard Class,DV-13045,Darrin Van Huff,Corporate,United States,Memphis,Tennessee,38109,South,FUR-FU-10001591,Furniture,Furnishings,Advantus Panel Wall Certificate Holder - 8.5x11,19.52,2,0.2,5.368
7696,CA-2017-107958,7/2/2017,7/5/2017,First Class,AH-10120,Adrian Hane,Home Office,United States,Houston,Texas,77036,Central,OFF-PA-10000357,Office Supplies,Paper,"White Dual Perf Computer Printout Paper, 2700 Sheets, 1 Part, Heavyweight, 20 lbs., 14 7/8 x 11",163.96,5,0.2,59.4355
1913,CA-2017-121503,7/3/2017,7/6/2017,Second Class,FH-14275,Frank Hawley,Corporate,United States,Houston,Texas,77041,Central,TEC-MA-10003674,Technology,Machines,Hewlett-Packard Deskjet 5550 Printer,597.132,3,0.4,49.761
3571,CA-2017-168109,7/3/2017,7/3/2017,Same Day,JK-15640,Jim Kriz,Home Office,United States,Seattle,Washington,98105,West,TEC-AC-10002049,Technology,Accessories,Plantronics Savi W720 Multi-Device Wireless Headset System,1687.8,4,0,742.632
8577,CA-2017-106747,7/3/2017,7/4/2017,First Class,TS-21505,Tony Sayre,Consumer,United States,Concord,New Hampshire,3301,East,FUR-FU-10004188,Furniture,Furnishings,Luxo Professional Combination Clamp-On Lamps,102.3,1,0,26.598
199,US-2017-124303,7/6/2017,7/13/2017,Standard Class,FH-14365,Fred Hopkins,Corporate,United States,Philadelphia,Pennsylvania,19120,East,OFF-BI-10000343,Office Supplies,Binders,"Pressboard Covers with Storage Hooks, 9 1/2"" x 11"", Light Blue",2.946,2,0.7,-2.2586
5931,US-2017-169551,7/7/2017,7/9/2017,First Class,RL-19615,Rob Lucas,Consumer,United States,Philadelphia,Pennsylvania,19120,East,OFF-PA-10004100,Office Supplies,Paper,Xerox 216,15.552,3,0.2,5.4432
348,CA-2017-134306,7/8/2017,7/12/2017,Standard Class,TD-20995,Tamara Dahlen,Consumer,United States,Lowell,Massachusetts,1852,East,OFF-PA-10000249,Office Supplies,Paper,Easy-staple paper,24.56,2,0,11.5432
3216,CA-2017-150189,7/8/2017,7/10/2017,First Class,VG-21790,Vivek Gonzalez,Consumer,United States,San Mateo,California,94403,West,OFF-LA-10002762,Office Supplies,Labels,Avery 485,75.18,6,0,35.3346
8407,CA-2017-140480,7/8/2017,7/12/2017,Standard Class,HE-14800,Harold Engle,Corporate,United States,Newark,Delaware,19711,East,FUR-FU-10001057,Furniture,Furnishings,Tensor Track Tree Floor Lamp,39.98,2,0,9.1954
2233,CA-2017-132122,7/9/2017,7/14/2017,Standard Class,JH-15820,John Huston,Consumer,United States,Chicago,Illinois,60610,Central,OFF-ST-10003692,Office Supplies,Storage,Recycled Steel Personal File for Hanging File Folders,228.92,5,0.2,14.3075
3107,CA-2017-127460,7/10/2017,7/14/2017,Standard Class,FG-14260,Frank Gastineau,Home Office,United States,Aurora,Illinois,60505,Central,OFF-ST-10004340,Office Supplies,Storage,"Fellowes Mobile File Cart, Black",298.464,6,0.2,26.1156
8714,CA-2017-136623,7/11/2017,7/16/2017,Standard Class,TS-21430,Tom Stivers,Corporate,United States,San Diego,California,92105,West,TEC-PH-10000004,Technology,Phones,Belkin iPhone and iPad Lightning Cable,71.952,6,0.2,5.3964
7496,CA-2017-121048,7/14/2017,7/18/2017,Standard Class,TC-21295,Toby Carlisle,Consumer,United States,Westminster,California,92683,West,OFF-BI-10004022,Office Supplies,Binders,Acco Suede Grain Vinyl Round Ring Binder,4.448,2,0.2,1.4456
7509,US-2017-161935,7/14/2017,7/18/2017,Standard Class,JL-15835,John Lee,Consumer,United States,Columbus,Ohio,43229,East,OFF-PA-10000605,Office Supplies,Paper,Xerox 1950,9.248,2,0.2,3.3524
2092,CA-2017-166142,7/15/2017,7/19/2017,Standard Class,MM-17260,Magdelene Morse,Consumer,United States,Wilmington,Delaware,19805,East,FUR-TA-10004607,Furniture,Tables,Hon 2111 Invitation Series Straight Table,310.443,3,0.3,-48.7839
7691,US-2017-128951,7/15/2017,7/17/2017,First Class,RS-19420,Ricardo Sperren,Corporate,United States,Suffolk,Virginia,23434,South,FUR-TA-10004575,Furniture,Tables,Hon 5100 Series Wood Tables,872.94,3,0,157.1292
4527,US-2017-105046,7/17/2017,7/23/2017,Standard Class,BE-11335,Bill Eplett,Home Office,United States,Rome,New York,13440,East,OFF-PA-10004353,Office Supplies,Paper,Southworth 25% Cotton Premium Laser Paper and Envelopes,99.9,5,0,47.952
3915,US-2017-142573,7/18/2017,7/23/2017,Standard Class,ML-17410,Maris LaWare,Consumer,United States,Phoenix,Arizona,85023,West,FUR-TA-10001932,Furniture,Tables,"Chromcraft 48"" x 96"" Racetrack Double Pedestal Table",801.6,5,0.5,-448.896
7045,US-2017-165358,7/18/2017,7/23/2017,Standard Class,SV-20365,Seth Vernon,Consumer,United States,Philadelphia,Pennsylvania,19134,East,OFF-SU-10004768,Office Supplies,Supplies,Acme Kleencut Forged Steel Scissors,9.184,2,0.2,1.148
2318,CA-2017-122035,7/20/2017,7/25/2017,Standard Class,EM-13825,Elizabeth Moffitt,Corporate,United States,Sioux Falls,South Dakota,57103,Central,OFF-BI-10002072,Office Supplies,Binders,Cardinal Slant-D Ring Binders,60.83,7,0,30.415
4273,US-2017-158505,7/21/2017,7/21/2017,Same Day,SF-20200,Sarah Foster,Consumer,United States,Murray,Utah,84107,West,TEC-PH-10004071,Technology,Phones,PayAnywhere Card Reader,71.928,9,0.2,6.2937
6586,CA-2017-104731,7/21/2017,7/27/2017,Standard Class,AM-10705,Anne McFarland,Consumer,United States,Salem,Virginia,24153,South,FUR-FU-10003274,Furniture,Furnishings,Regeneration Desk Collection,8.8,5,0,3.872
6701,CA-2017-145429,7/21/2017,7/25/2017,Standard Class,SW-20455,Shaun Weien,Consumer,United States,San Diego,California,92024,West,OFF-BI-10001524,Office Supplies,Binders,GBC Premium Transparent Covers with Diagonal Lined Pattern,50.352,3,0.2,17.6232
9809,CA-2017-145093,7/21/2017,7/26/2017,Standard Class,PT-19090,Pete Takahito,Consumer,United States,Chicago,Illinois,60623,Central,OFF-BI-10001116,Office Supplies,Binders,"Wilson Jones 1"" Hanging DublLock Ring Binders",2.112,2,0.8,-3.3792
7894,CA-2017-125367,7/23/2017,7/30/2017,Standard Class,NM-18445,Nathan Mautz,Home Office,United States,New York City,New York,10011,East,OFF-BI-10002412,Office Supplies,Binders,Wilson Jones Snap Scratch Pad Binder Tool for Ring Binders,13.92,3,0.2,4.35
2856,CA-2017-169810,7/25/2017,7/31/2017,Standard Class,RB-19360,Raymond Buch,Consumer,United States,Sioux Falls,South Dakota,57103,Central,OFF-LA-10003663,Office Supplies,Labels,Avery 498,20.23,7,0,9.5081
7930,CA-2017-167549,7/25/2017,7/27/2017,First Class,EM-14200,Evan Minnotte,Home Office,United States,Dallas,Texas,75217,Central,FUR-TA-10004767,Furniture,Tables,Safco Drafting Table,298.116,6,0.3,-4.2588
8095,CA-2017-133046,7/27/2017,8/1/2017,Second Class,DK-13375,Dennis Kane,Consumer,United States,Seattle,Washington,98115,West,OFF-PA-10003883,Office Supplies,Paper,"Message Book, Phone, Wirebound Standard Line Memo, 2 3/4"" X 5""",26.2,4,0,12.052
1735,CA-2017-101483,7/29/2017,8/1/2017,Second Class,AG-10675,Anna Gayman,Consumer,United States,Jacksonville,North Carolina,28540,South,OFF-AP-10002082,Office Supplies,Appliances,Holmes HEPA Air Purifier,34.848,2,0.2,6.534
5025,US-2017-130953,7/29/2017,8/3/2017,Standard Class,RF-19735,Roland Fjeld,Consumer,United States,Oklahoma City,Oklahoma,73120,Central,OFF-BI-10004828,Office Supplies,Binders,GBC Poly Designer Binding Covers,33.48,2,0,16.4052
7659,CA-2017-155740,7/30/2017,8/2/2017,First Class,TC-21475,Tony Chapman,Home Office,United States,Lakewood,Ohio,44107,East,OFF-BI-10001071,Office Supplies,Binders,GBC ProClick Punch Binding System,76.776,4,0.7,-53.7432
6691,US-2017-165869,7/31/2017,8/5/2017,Standard Class,LS-17200,Luke Schmidt,Corporate,United States,Milwaukee,Wisconsin,53209,Central,OFF-BI-10003460,Office Supplies,Binders,Acco 3-Hole Punch,17.52,4,0,8.4096
1206,CA-2017-133235,8/1/2017,8/4/2017,First Class,LH-16750,Larry Hughes,Consumer,United States,Charlotte,North Carolina,28205,South,TEC-PH-10002660,Technology,Phones,Nortel Networks T7316 E Nt8 B27,271.96,5,0.2,16.9975
4633,CA-2017-168396,8/3/2017,8/8/2017,Second Class,BD-11725,Bruce Degenhardt,Consumer,United States,San Francisco,California,94122,West,FUR-FU-10000723,Furniture,Furnishings,"Deflect-o EconoMat Studded, No Bevel Mat for Low Pile Carpeting",123.96,3,0,11.1564
5243,CA-2017-146367,8/4/2017,8/8/2017,Standard Class,HM-14860,Harry Marie,Corporate,United States,Carrollton,Texas,75007,Central,OFF-BI-10002827,Office Supplies,Binders,Avery Durable Poly Binders,3.318,3,0.8,-5.6406
1934,CA-2017-161200,8/6/2017,8/10/2017,Second Class,SV-20365,Seth Vernon,Consumer,United States,Lafayette,Louisiana,70506,South,FUR-FU-10001706,Furniture,Furnishings,Longer-Life Soft White Bulbs,15.4,5,0,7.392
3574,CA-2017-117023,8/7/2017,8/12/2017,Standard Class,JW-15955,Joni Wasserman,Consumer,United States,Long Beach,New York,11561,East,OFF-AR-10003602,Office Supplies,Art,"Quartet Omega Colored Chalk, 12/Pack",11.68,2,0,5.4896
7653,CA-2017-110821,8/7/2017,8/8/2017,First Class,CK-12205,Chloris Kastensmidt,Consumer,United States,Dallas,Texas,75081,Central,OFF-ST-10002790,Office Supplies,Storage,Safco Industrial Shelving,118.16,2,0.2,-25.109
9186,CA-2017-156776,8/7/2017,8/11/2017,Standard Class,JL-15505,Jeremy Lonsdale,Consumer,United States,Westminster,California,92683,West,FUR-CH-10002317,Furniture,Chairs,Global Enterprise Series Seating Low-Back Swivel/Tilt Chairs,207.184,1,0.2,25.898
4027,CA-2017-139311,8/11/2017,8/13/2017,First Class,SF-20965,Sylvia Foulston,Corporate,United States,Bedford,Texas,76021,Central,OFF-AR-10004582,Office Supplies,Art,BIC Brite Liner Grip Highlighters,9.184,7,0.2,2.87
5763,CA-2017-158169,8/12/2017,8/15/2017,First Class,JM-16195,Justin MacKendrick,Consumer,United States,Lake Forest,California,92630,West,FUR-FU-10001473,Furniture,Furnishings,DAX Wood Document Frame,54.92,4,0,19.7712
8257,CA-2017-152310,8/12/2017,8/19/2017,Standard Class,DK-12895,Dana Kaydos,Consumer,United States,Seattle,Washington,98103,West,OFF-ST-10001228,Office Supplies,Storage,Personal File Boxes with Fold-Down Carry Handle,46.74,3,0,11.685
6071,CA-2017-167542,8/13/2017,8/20/2017,Standard Class,KD-16495,Keith Dawkins,Corporate,United States,Philadelphia,Pennsylvania,19120,East,OFF-LA-10004093,Office Supplies,Labels,Avery 486,17.544,3,0.2,5.9211
7903,CA-2017-128363,8/13/2017,8/18/2017,Standard Class,DC-12850,Dan Campbell,Consumer,United States,Memphis,Tennessee,38109,South,OFF-EN-10003845,Office Supplies,Envelopes,Colored Envelopes,14.76,5,0.2,4.797
5295,CA-2017-144883,8/15/2017,8/19/2017,Standard Class,BO-11350,Bill Overfelt,Corporate,United States,Roseville,Minnesota,55113,Central,OFF-LA-10000305,Office Supplies,Labels,Avery 495,50.4,8,0,23.184
7185,CA-2017-133102,8/17/2017,8/24/2017,Standard Class,ED-13885,Emily Ducich,Home Office,United States,Houston,Texas,77095,Central,OFF-SU-10000432,Office Supplies,Supplies,Acco Side-Punched Conventional Columnar Pads,5.552,2,0.2,-1.041
7935,CA-2017-166093,8/17/2017,8/24/2017,Standard Class,RW-19540,Rick Wilson,Corporate,United States,Brentwood,California,94513,West,TEC-PH-10002564,Technology,Phones,OtterBox Defender Series Case - Samsung Galaxy S4,71.976,3,0.2,8.997
618,CA-2017-117947,8/18/2017,8/23/2017,Second Class,NG-18355,Nat Gilpin,Corporate,United States,New York City,New York,10011,East,FUR-FU-10000010,Furniture,Furnishings,"DAX Value U-Channel Document Frames, Easel Back",9.94,2,0,3.0814
4277,CA-2017-151358,8/18/2017,8/22/2017,Standard Class,NF-18595,Nicole Fjeld,Home Office,United States,Seattle,Washington,98105,West,OFF-ST-10000046,Office Supplies,Storage,Fellowes Super Stor/Drawer Files,323.1,2,0,61.389
6898,CA-2017-122028,8/18/2017,8/25/2017,Standard Class,CK-12205,Chloris Kastensmidt,Consumer,United States,Lakewood,Ohio,44107,East,OFF-BI-10004817,Office Supplies,Binders,GBC Personal VeloBind Strips,10.782,3,0.7,-7.9068
2855,CA-2017-137344,8/20/2017,8/20/2017,Same Day,EM-13810,Eleni McCrary,Corporate,United States,Franklin,Massachusetts,2038,East,OFF-ST-10000344,Office Supplies,Storage,"Neat Ideas Personal Hanging Folder Files, Black",40.29,3,0,10.4754
827,CA-2017-126956,8/21/2017,8/28/2017,Standard Class,GT-14710,Greg Tran,Consumer,United States,Lakeville,Minnesota,55044,Central,OFF-FA-10002280,Office Supplies,Fasteners,Advantus Plastic Paper Clips,35,7,0,16.8
3339,US-2017-109253,8/21/2017,8/22/2017,First Class,PR-18880,Patrick Ryan,Consumer,United States,Oakland,California,94601,West,OFF-BI-10000962,Office Supplies,Binders,"Acco Flexible ACCOHIDE Square Ring Data Binder, Dark Blue, 11 1/2"" X 14"" 7/8""",117.144,9,0.2,42.4647
8040,CA-2017-121489,8/21/2017,8/25/2017,Second Class,CM-11815,Candace McMahon,Corporate,United States,Seattle,Washington,98115,West,FUR-CH-10004698,Furniture,Chairs,"Padded Folding Chairs, Black, 4/Carton",388.704,6,0.2,38.8704
9903,CA-2017-117646,8/21/2017,8/25/2017,Standard Class,SC-20845,Sung Chung,Consumer,United States,Louisville,Colorado,80027,West,OFF-PA-10001950,Office Supplies,Paper,Southworth 25% Cotton Antique Laid Paper & Envelopes,6.672,1,0.2,2.085
4302,CA-2017-129021,8/23/2017,8/26/2017,Second Class,PO-18850,Patrick O'Brill,Consumer,United States,Tallahassee,Florida,32303,South,OFF-PA-10000141,Office Supplies,Paper,"Ampad Evidence Wirebond Steno Books, 6"" x 9""",8.72,5,0.2,2.943
1484,CA-2017-101210,8/25/2017,8/28/2017,Second Class,DW-13540,Don Weiss,Consumer,United States,Jackson,Tennessee,38301,South,OFF-PA-10000130,Office Supplies,Paper,Xerox 199,3.424,1,0.2,1.07
1796,US-2017-139465,8/27/2017,8/30/2017,First Class,MR-17545,Mathew Reese,Home Office,United States,New York City,New York,10024,East,OFF-ST-10002352,Office Supplies,Storage,Iris Project Case,63.84,8,0,16.5984
3750,CA-2017-161956,8/27/2017,8/29/2017,Second Class,DR-12880,Dan Reichenbach,Corporate,United States,Inglewood,California,90301,West,TEC-CO-10001571,Technology,Copiers,Sharp 1540cs Digital Laser Copier,879.984,2,0.2,329.994
8576,CA-2017-101273,8/27/2017,8/30/2017,Second Class,ST-20530,Shui Tom,Consumer,United States,Port Saint Lucie,Florida,34952,South,OFF-AP-10000804,Office Supplies,Appliances,Hoover Portapower Portable Vacuum,14.336,4,0.2,0.896
2486,CA-2017-126067,8/28/2017,9/3/2017,Standard Class,KN-16705,Kristina Nunn,Home Office,United States,Seattle,Washington,98105,West,OFF-AR-10003856,Office Supplies,Art,Newell 344,5.56,2,0,1.4456
1944,CA-2017-144064,8/29/2017,9/1/2017,First Class,CP-12085,Cathy Prescott,Corporate,United States,Quincy,Illinois,62301,Central,OFF-BI-10002012,Office Supplies,Binders,Wilson Jones Easy Flow II Sheet Lifters,3.24,9,0.8,-5.184
4990,CA-2017-107321,8/31/2017,9/4/2017,Standard Class,AW-10930,Arthur Wiediger,Home Office,United States,San Francisco,California,94110,West,OFF-BI-10004022,Office Supplies,Binders,Acco Suede Grain Vinyl Round Ring Binder,6.672,3,0.2,2.1684
3231,CA-2017-131625,9/1/2017,9/5/2017,Second Class,BN-11515,Bradley Nguyen,Consumer,United States,New York City,New York,10009,East,FUR-FU-10004960,Furniture,Furnishings,"Seth Thomas 12"" Clock w/ Goldtone Case",114.9,5,0,39.066
702,CA-2017-114552,9/2/2017,9/8/2017,Standard Class,Dl-13600,Dorris liebe,Corporate,United States,Cleveland,Ohio,44105,East,FUR-FU-10002960,Furniture,Furnishings,"Eldon 200 Class Desk Accessories, Burgundy",15.072,3,0.2,4.1448
1948,CA-2017-157987,9/2/2017,9/6/2017,Standard Class,AC-10615,Ann Chong,Corporate,United States,New York City,New York,10009,East,FUR-FU-10001196,Furniture,Furnishings,DAX Cubicle Frames - 8x10,11.54,2,0,3.462
1955,CA-2017-157987,9/2/2017,9/6/2017,Standard Class,AC-10615,Ann Chong,Corporate,United States,New York City,New York,10009,East,OFF-AR-10004582,Office Supplies,Art,BIC Brite Liner Grip Highlighters,4.92,3,0,2.214
6680,CA-2017-145037,9/2/2017,9/7/2017,Second Class,TB-21055,Ted Butterfield,Consumer,United States,Meriden,Connecticut,6450,East,OFF-ST-10000918,Office Supplies,Storage,Crate-A-Files,10.9,1,0,2.834
7440,US-2017-163657,9/2/2017,9/6/2017,Standard Class,JL-15235,Janet Lee,Consumer,United States,Los Angeles,California,90049,West,OFF-BI-10000138,Office Supplies,Binders,Acco Translucent Poly Ring Binders,18.72,5,0.2,6.552
9849,CA-2017-169327,9/2/2017,9/4/2017,Second Class,MH-17290,Marc Harrigan,Home Office,United States,Los Angeles,California,90008,West,OFF-BI-10004330,Office Supplies,Binders,"GBC Velobind Prepunched Cover Sets, Regency Series",147.92,5,0.2,46.225
5827,CA-2017-161067,9/3/2017,9/6/2017,Second Class,KB-16405,Katrina Bavinger,Home Office,United States,New York City,New York,10035,East,FUR-CH-10004626,Furniture,Chairs,Office Star Flex Back Scooter Chair with Aluminum Finish Frame,90.801,1,0.1,14.1246
1496,CA-2017-152485,9/4/2017,9/8/2017,Standard Class,JD-15790,John Dryer,Consumer,United States,Coppell,Texas,75019,Central,OFF-AR-10003759,Office Supplies,Art,"Crayola Anti Dust Chalk, 12/Pack",10.192,7,0.2,3.185
3513,CA-2017-140326,9/4/2017,9/6/2017,First Class,HW-14935,Helen Wasserman,Corporate,United States,Chicago,Illinois,60653,Central,FUR-BO-10000112,Furniture,Bookcases,"Bush Birmingham Collection Bookcase, Dark Cherry",825.174,9,0.3,-117.882
3618,CA-2017-141929,9/4/2017,9/8/2017,Standard Class,RA-19285,Ralph Arnett,Consumer,United States,Los Angeles,California,90004,West,OFF-BI-10004632,Office Supplies,Binders,Ibico Hi-Tech Manual Binding System,487.984,2,0.2,152.495
6724,US-2017-166394,9/4/2017,9/6/2017,Second Class,VM-21835,Vivian Mathis,Consumer,United States,Nashua,New Hampshire,3060,East,OFF-FA-10001843,Office Supplies,Fasteners,Staples,14.82,6,0,6.9654
1562,CA-2017-107293,9/5/2017,9/6/2017,First Class,CS-12400,Christopher Schild,Home Office,United States,Seattle,Washington,98115,West,OFF-AR-10003732,Office Supplies,Art,Newell 333,2.78,1,0,0.7228
2100,CA-2017-124401,9/7/2017,9/12/2017,Standard Class,RD-19900,Ruben Dartt,Consumer,United States,Portland,Oregon,97206,West,TEC-AC-10002926,Technology,Accessories,Logitech Wireless Marathon Mouse M705,279.944,7,0.2,80.4839
4154,CA-2017-100160,9/7/2017,9/11/2017,Standard Class,CB-12025,Cassandra Brandow,Consumer,United States,Philadelphia,Pennsylvania,19134,East,OFF-EN-10001509,Office Supplies,Envelopes,Poly String Tie Envelopes,4.896,3,0.2,1.6524
8125,US-2017-150070,9/7/2017,9/12/2017,Standard Class,JA-15970,Joseph Airdo,Consumer,United States,Modesto,California,95351,West,FUR-CH-10004860,Furniture,Chairs,Global Low Back Tilter Chair,161.568,2,0.2,-28.2744
1714,US-2017-124968,9/8/2017,9/13/2017,Second Class,MM-18055,Michelle Moray,Consumer,United States,Chicago,Illinois,60610,Central,FUR-TA-10004289,Furniture,Tables,BoxOffice By Design Rectangular and Half-Moon Meeting Room Tables,765.625,7,0.5,-566.5625
6651,US-2017-124779,9/8/2017,9/11/2017,First Class,BF-11020,Barry Französisch,Corporate,United States,Arlington,Texas,76017,Central,OFF-FA-10004854,Office Supplies,Fasteners,"Vinyl Coated Wire Paper Clips in Organizer Box, 800/Box",45.92,5,0.2,15.498
1213,US-2017-118087,9/9/2017,9/13/2017,Standard Class,SP-20620,Stefania Perrino,Corporate,United States,Philadelphia,Pennsylvania,19134,East,FUR-CH-10004860,Furniture,Chairs,Global Low Back Tilter Chair,141.372,2,0.3,-48.4704
1220,US-2017-118087,9/9/2017,9/13/2017,Standard Class,SP-20620,Stefania Perrino,Corporate,United States,Philadelphia,Pennsylvania,19134,East,TEC-PH-10002200,Technology,Phones,Samsung Galaxy Note 2,1931.958,7,0.4,-386.3916
5217,US-2017-159562,9/9/2017,9/15/2017,Standard Class,JB-16000,Joy Bell-,Consumer,United States,Roseville,Michigan,48066,Central,OFF-EN-10000461,Office Supplies,Envelopes,"#10- 4 1/8"" x 9 1/2"" Recycled Envelopes",17.48,2,0,8.2156
7284,CA-2017-169439,9/9/2017,9/13/2017,Standard Class,LC-17140,Logan Currie,Consumer,United States,Cleveland,Ohio,44105,East,OFF-AR-10001374,Office Supplies,Art,"BIC Brite Liner Highlighters, Chisel Tip",25.92,5,0.2,3.888
8756,CA-2017-152198,9/9/2017,9/10/2017,First Class,JD-16015,Joy Daniels,Consumer,United States,Toledo,Ohio,43615,East,OFF-BI-10001628,Office Supplies,Binders,"Acco Data Flex Cable Posts For Top & Bottom Load Binders, 6"" Capacity",6.258,2,0.7,-5.215
1962,CA-2017-110905,9/10/2017,9/15/2017,Second Class,RW-19690,Robert Waldorf,Consumer,United States,Springfield,Missouri,65807,Central,TEC-AC-10002217,Technology,Accessories,Imation Clip USB flash drive - 8 GB,112.8,6,0,6.768
4926,CA-2017-126438,9/10/2017,9/13/2017,First Class,AR-10345,Alex Russell,Corporate,United States,Lawrence,Massachusetts,1841,East,OFF-AR-10003338,Office Supplies,Art,"Eberhard Faber 3 1/2"" Golf Pencils",14.88,2,0,3.72
3042,CA-2017-149559,9/11/2017,9/12/2017,Same Day,KF-16285,Karen Ferguson,Home Office,United States,Long Beach,California,90805,West,OFF-PA-10003172,Office Supplies,Paper,Xerox 1996,12.96,2,0,6.2208
6232,US-2017-142188,9/11/2017,9/11/2017,Same Day,JF-15415,Jennifer Ferguson,Consumer,United States,Seattle,Washington,98105,West,FUR-CH-10003199,Furniture,Chairs,Office Star - Contemporary Task Swivel Chair,177.568,2,0.2,8.8784
7495,US-2017-160836,9/11/2017,9/16/2017,Standard Class,CC-12475,Cindy Chapman,Consumer,United States,Houston,Texas,77070,Central,OFF-AP-10001626,Office Supplies,Appliances,"Commercial WindTunnel Clean Air Upright Vacuum, Replacement Belts, Filtration Bags",1.556,2,0.8,-4.2012
2077,CA-2017-140676,9/12/2017,9/15/2017,First Class,BF-11080,Bart Folk,Consumer,United States,Baltimore,Maryland,21215,East,OFF-PA-10004082,Office Supplies,Paper,"Adams Telephone Message Book w/Frequently-Called Numbers Space, 400 Messages per Book",39.9,5,0,19.95
72,CA-2017-114440,9/14/2017,9/17/2017,Second Class,TB-21520,Tracy Blumstein,Consumer,United States,Jackson,Michigan,49201,Central,OFF-PA-10004675,Office Supplies,Paper,"Telephone Message Books with Fax/Mobile Section, 5 1/2"" x 3 3/16""",19.05,3,0,8.763
6814,CA-2017-156237,9/14/2017,9/15/2017,First Class,PS-18760,Pamela Stobb,Consumer,United States,Philadelphia,Pennsylvania,19140,East,FUR-FU-10001057,Furniture,Furnishings,Tensor Track Tree Floor Lamp,127.936,8,0.2,4.7976
9582,CA-2017-152975,9/14/2017,9/16/2017,First Class,RB-19705,Roger Barcio,Home Office,United States,New York City,New York,10035,East,FUR-CH-10003298,Furniture,Chairs,"Office Star - Contemporary Task Swivel chair with Loop Arms, Charcoal",589.41,5,0.1,-6.549
1538,CA-2017-121888,9/15/2017,9/17/2017,Second Class,CL-11890,Carl Ludwig,Consumer,United States,Everett,Massachusetts,2149,East,TEC-PH-10000439,Technology,Phones,GE DSL Phone Line Filter,39.99,1,0,11.5971
6133,CA-2017-145737,9/15/2017,9/20/2017,Standard Class,AB-10165,Alan Barnes,Consumer,United States,Lebanon,Tennessee,37087,South,OFF-PA-10001033,Office Supplies,Paper,Xerox 1893,163.96,5,0.2,59.4355
6757,CA-2017-124205,9/15/2017,9/19/2017,Standard Class,TC-21145,Theresa Coyne,Corporate,United States,Lakewood,New Jersey,8701,East,FUR-CH-10003606,Furniture,Chairs,SAFCO Folding Chair Trolley,512.96,4,0,143.6288
8045,CA-2017-165008,9/15/2017,9/17/2017,Second Class,DO-13645,Doug O'Connell,Consumer,United States,Salt Lake City,Utah,84106,West,OFF-BI-10002794,Office Supplies,Binders,"Avery Trapezoid Ring Binder, 3"" Capacity, Black, 1040 sheets",295.056,9,0.2,106.9578
3457,CA-2017-136448,9/16/2017,9/18/2017,First Class,AS-10090,Adam Shillingsburg,Consumer,United States,Philadelphia,Pennsylvania,19143,East,TEC-AC-10001109,Technology,Accessories,Logitech Trackman Marble Mouse,71.976,3,0.2,19.7934
9961,CA-2017-141446,9/16/2017,9/18/2017,Second Class,CL-12700,Craig Leslie,Home Office,United States,Florence,Kentucky,41042,South,TEC-AC-10002305,Technology,Accessories,KeyTronic E03601U1 - Keyboard - Beige,18,1,0,3.24
2655,CA-2017-112515,9/17/2017,9/21/2017,Second Class,AS-10225,Alan Schoenberger,Corporate,United States,Provo,Utah,84604,West,FUR-BO-10003404,Furniture,Bookcases,"Global Adaptabilites Bookcase, Cherry/Storm Gray Finish",1292.94,3,0,77.5764
7453,CA-2017-105669,9/17/2017,9/22/2017,Second Class,SJ-20125,Sanjit Jacobs,Home Office,United States,Houston,Texas,77036,Central,TEC-PH-10002415,Technology,Phones,Polycom VoiceStation 500 Conference phone,1415.76,6,0.2,88.485
760,CA-2017-133333,9/18/2017,9/22/2017,Standard Class,BF-11020,Barry Französisch,Corporate,United States,Green Bay,Wisconsin,54302,Central,OFF-PA-10002377,Office Supplies,Paper,"Adams Telephone Message Book W/Dividers/Space For Phone Numbers, 5 1/4""X8 1/2"", 200/Messages",22.72,4,0,10.224
5413,CA-2017-166856,9/18/2017,9/22/2017,Standard Class,TS-21505,Tony Sayre,Consumer,United States,Clovis,New Mexico,88101,West,TEC-AC-10004992,Technology,Accessories,Kingston Digital DataTraveler 64GB USB 2.0,101.34,3,0,8.1072
6896,CA-2017-164756,9/18/2017,9/22/2017,Standard Class,SS-20140,Saphhira Shifley,Corporate,United States,Columbus,Georgia,31907,South,OFF-SU-10004261,Office Supplies,Supplies,"Fiskars 8"" Scissors, 2/Pack",34.48,2,0,9.9992
6122,CA-2017-143378,9/19/2017,9/25/2017,Standard Class,JR-16210,Justin Ritter,Corporate,United States,Springfield,Oregon,97477,West,FUR-BO-10001972,Furniture,Bookcases,O'Sullivan 4-Shelf Bookcase in Odessa Pine,72.588,2,0.7,-128.2388
6972,CA-2017-153822,9/19/2017,9/25/2017,Standard Class,AB-10105,Adrian Barton,Consumer,United States,Phoenix,Arizona,85023,West,TEC-AC-10000109,Technology,Accessories,Sony Micro Vault Click 16 GB USB 2.0 Flash Drive,89.584,2,0.2,4.4792
6094,CA-2017-100111,9/20/2017,9/26/2017,Standard Class,SV-20365,Seth Vernon,Consumer,United States,New York City,New York,10035,East,TEC-AC-10001465,Technology,Accessories,SanDisk Cruzer 64 GB USB Flash Drive,72.64,2,0,21.792
6101,CA-2017-100111,9/20/2017,9/26/2017,Standard Class,SV-20365,Seth Vernon,Consumer,United States,New York City,New York,10035,East,TEC-PH-10002885,Technology,Phones,Apple iPhone 5,1299.66,2,0,350.9082
5401,CA-2017-132262,9/21/2017,9/23/2017,First Class,ML-18265,Muhammed Lee,Consumer,United States,Seattle,Washington,98103,West,TEC-AC-10000158,Technology,Accessories,Sony 64GB Class 10 Micro SDHC R40 Memory Card,71.98,2,0,15.1158
1786,CA-2017-166317,9/22/2017,9/26/2017,Standard Class,JE-15610,Jim Epp,Corporate,United States,Milwaukee,Wisconsin,53209,Central,OFF-BI-10002976,Office Supplies,Binders,ACCOHIDE Binder by Acco,33.04,8,0,15.5288
3211,US-2017-108245,9/22/2017,9/27/2017,Standard Class,SH-19975,Sally Hughsby,Corporate,United States,Pearland,Texas,77581,Central,OFF-EN-10001415,Office Supplies,Envelopes,Staple envelope,13.392,3,0.2,5.022
5707,CA-2017-136000,9/22/2017,9/25/2017,Second Class,SC-20440,Shaun Chance,Corporate,United States,New York City,New York,10009,East,OFF-BI-10004828,Office Supplies,Binders,GBC Poly Designer Binding Covers,40.176,3,0.2,14.5638
1079,CA-2017-132521,9/23/2017,9/25/2017,Second Class,DW-13540,Don Weiss,Consumer,United States,Seattle,Washington,98105,West,OFF-ST-10001325,Office Supplies,Storage,Sterilite Officeware Hinged File Box,31.44,3,0,8.4888
3372,CA-2017-123778,9/23/2017,9/30/2017,Standard Class,BS-11755,Bruce Stewart,Consumer,United States,San Francisco,California,94122,West,OFF-BI-10000822,Office Supplies,Binders,"Acco PRESSTEX Data Binder with Storage Hooks, Light Blue, 9 1/2"" X 11""",25.824,6,0.2,9.0384
9254,CA-2017-102309,9/23/2017,9/25/2017,Second Class,DO-13645,Doug O'Connell,Consumer,United States,Pine Bluff,Arkansas,71603,South,OFF-PA-10002005,Office Supplies,Paper,Xerox 225,12.96,2,0,6.2208
718,CA-2017-108910,9/24/2017,9/29/2017,Standard Class,KC-16540,Kelly Collister,Consumer,United States,Newark,Ohio,43055,East,FUR-FU-10002253,Furniture,Furnishings,"Howard Miller 13"" Diameter Pewter Finish Round Wall Clock",103.056,3,0.2,24.4758
5595,CA-2017-160325,9/24/2017,9/24/2017,Same Day,BP-11095,Bart Pistole,Corporate,United States,Lawrence,Massachusetts,1841,East,TEC-PH-10000984,Technology,Phones,Panasonic KX-TG9471B,391.98,2,0,109.7544
8834,US-2017-132675,9/24/2017,9/28/2017,Standard Class,KF-16285,Karen Ferguson,Home Office,United States,Sandy Springs,Georgia,30328,South,OFF-ST-10004950,Office Supplies,Storage,"Tenex Personal Filing Tote With Secure Closure Lid, Black/Frost",15.51,1,0,3.8775
9694,CA-2017-130148,9/24/2017,9/28/2017,Second Class,NK-18490,Neil Knudson,Home Office,United States,San Francisco,California,94110,West,OFF-PA-10000551,Office Supplies,Paper,Array Memo Cubes,31.08,6,0,15.2292
2036,CA-2017-162481,9/25/2017,9/29/2017,Standard Class,CT-11995,Carol Triggs,Consumer,United States,Rochester,Minnesota,55901,Central,FUR-CH-10003061,Furniture,Chairs,"Global Leather Task Chair, Black",269.97,3,0,51.2943
7871,CA-2017-122112,9/25/2017,9/29/2017,Standard Class,CA-11965,Carol Adams,Corporate,United States,Lakewood,Ohio,44107,East,OFF-EN-10004459,Office Supplies,Envelopes,Security-Tint Envelopes,24.448,4,0.2,8.8624
7763,CA-2017-156391,9/26/2017,9/28/2017,First Class,SL-20155,Sara Luxemburg,Home Office,United States,Salem,Oregon,97301,West,OFF-AR-10003251,Office Supplies,Art,Prang Drawing Pencil Set,2.224,1,0.2,0.556
4465,US-2017-125717,9/28/2017,10/1/2017,First Class,DS-13030,Darrin Sayre,Home Office,United States,Aurora,Colorado,80013,West,OFF-AP-10000891,Office Supplies,Appliances,Kensington 7 Outlet MasterPiece HOMEOFFICE Power Control Center,209.792,2,0.2,26.224
4472,CA-2017-121300,9/29/2017,9/29/2017,Same Day,MG-17680,Maureen Gastineau,Home Office,United States,Mentor,Ohio,44060,East,FUR-CH-10003774,Furniture,Chairs,"Global Wood Trimmed Manager's Task Chair, Khaki",63.686,1,0.3,-15.4666
5139,CA-2017-128335,9/29/2017,10/5/2017,Standard Class,JA-15970,Joseph Airdo,Consumer,United States,Mount Vernon,New York,10550,East,OFF-EN-10001539,Office Supplies,Envelopes,Staple envelope,23.34,3,0,10.9698
6209,CA-2017-148138,9/29/2017,10/3/2017,Standard Class,ME-18010,Michelle Ellison,Corporate,United States,Marion,Ohio,43302,East,OFF-ST-10000563,Office Supplies,Storage,Fellowes Bankers Box Stor/Drawer Steel Plus,51.168,2,0.2,-6.396
6694,CA-2017-144225,9/30/2017,10/2/2017,Second Class,CC-12475,Cindy Chapman,Consumer,United States,Baltimore,Maryland,21215,East,OFF-PA-10000062,Office Supplies,Paper,Green Bar Computer Printout Paper,164.88,3,0,80.7912
569,CA-2017-156951,10/1/2017,10/8/2017,Standard Class,EB-13840,Ellis Ballard,Corporate,United States,Seattle,Washington,98105,West,OFF-PA-10004451,Office Supplies,Paper,Xerox 222,19.44,3,0,9.3312
3582,CA-2017-117807,10/1/2017,10/7/2017,Standard Class,DK-13090,Dave Kipp,Consumer,United States,Fremont,Nebraska,68025,Central,OFF-PA-10000994,Office Supplies,Paper,Xerox 1915,104.85,1,0,50.328
3192,CA-2017-123981,10/2/2017,10/8/2017,Standard Class,RW-19630,Rob Williams,Corporate,United States,New York City,New York,10035,East,TEC-PH-10002115,Technology,Phones,Plantronics 81402,65.99,1,0,17.1574
5319,US-2017-162558,10/2/2017,10/5/2017,First Class,Dp-13240,Dean percer,Home Office,United States,Knoxville,Tennessee,37918,South,OFF-PA-10003172,Office Supplies,Paper,Xerox 1996,20.736,4,0.2,7.2576
5786,CA-2017-141117,10/2/2017,10/8/2017,Standard Class,JK-16090,Juliana Krohn,Consumer,United States,Springfield,Oregon,97477,West,OFF-SU-10004664,Office Supplies,Supplies,Acme Softgrip Scissors,39.072,6,0.2,4.3956
1897,CA-2017-141789,10/3/2017,10/6/2017,First Class,AC-10450,Amy Cox,Consumer,United States,Minneapolis,Minnesota,55407,Central,OFF-BI-10001359,Office Supplies,Binders,GBC DocuBind TL300 Electric Binding System,1793.98,2,0,843.1706
6374,CA-2017-143035,10/3/2017,10/5/2017,Second Class,CC-12430,Chuck Clark,Home Office,United States,New York City,New York,10009,East,TEC-AC-10002049,Technology,Accessories,Logitech G19 Programmable Gaming Keyboard,371.97,3,0,66.9546
4837,CA-2017-167661,10/5/2017,10/10/2017,Standard Class,MP-18175,Mike Pelletier,Home Office,United States,San Francisco,California,94110,West,OFF-BI-10001097,Office Supplies,Binders,Avery Hole Reinforcements,19.936,4,0.2,7.2268
7958,CA-2017-131807,10/5/2017,10/10/2017,Standard Class,GG-14650,Greg Guthrie,Corporate,United States,Chico,California,95928,West,OFF-AP-10004052,Office Supplies,Appliances,"Hoover Replacement Belts For Soft Guard & Commercial Ltweight Upright Vacs, 2/Pk",15.8,4,0,4.108
4182,US-2017-136868,10/6/2017,10/12/2017,Standard Class,CR-12820,Cyra Reiten,Home Office,United States,New York City,New York,10035,East,TEC-AC-10001539,Technology,Accessories,Logitech G430 Surround Sound Gaming Headset with Dolby 7.1 Technology,319.96,4,0,115.1856
9873,CA-2017-146269,10/6/2017,10/6/2017,Same Day,MH-17455,Mark Hamilton,Consumer,United States,Chicago,Illinois,60623,Central,OFF-AR-10004790,Office Supplies,Art,Staples in misc. colors,19.152,2,0.2,1.197
3387,CA-2017-148404,10/7/2017,10/11/2017,Standard Class,Dp-13240,Dean percer,Home Office,United States,Charlotte,North Carolina,28205,South,OFF-FA-10003112,Office Supplies,Fasteners,Staples,18.936,3,0.2,5.9175
5482,CA-2017-105487,10/8/2017,10/14/2017,Standard Class,CS-12250,Chris Selesnick,Corporate,United States,San Diego,California,92105,West,TEC-AC-10002305,Technology,Accessories,KeyTronic E03601U1 - Keyboard - Beige,36,2,0,6.48
1396,US-2017-117247,10/9/2017,10/14/2017,Standard Class,CK-12760,Cyma Kinney,Corporate,United States,Aurora,Illinois,60505,Central,FUR-TA-10001676,Furniture,Tables,Hon 61000 Series Interactive Training Tables,66.645,3,0.5,-42.6528
4918,CA-2017-163125,10/9/2017,10/11/2017,Second Class,MB-17305,Maria Bertelson,Consumer,United States,League City,Texas,77573,Central,FUR-CH-10001802,Furniture,Chairs,Hon Every-Day Chair Series Swivel Task Chairs,254.058,3,0.3,-32.6646
2762,CA-2017-126536,10/12/2017,10/14/2017,First Class,NK-18490,Neil Knudson,Home Office,United States,San Francisco,California,94110,West,TEC-AC-10003709,Technology,Accessories,Maxell 4.7GB DVD-R 5/Pack,0.99,1,0,0.4356
8424,CA-2017-150091,10/12/2017,10/16/2017,Standard Class,NP-18670,Nora Paige,Consumer,United States,Lakewood,New Jersey,8701,East,FUR-FU-10004053,Furniture,Furnishings,DAX Two-Tone Silver Metal Document Frame,40.48,2,0,17.4064
277,CA-2017-132976,10/13/2017,10/17/2017,Standard Class,AG-10495,Andrew Gjertsen,Corporate,United States,Philadelphia,Pennsylvania,19140,East,OFF-PA-10000673,Office Supplies,Paper,"Post-it Important Message Note Pad, Neon Colors, 50 Sheets/Pad",11.648,2,0.2,4.0768
4257,CA-2017-163160,10/13/2017,10/16/2017,First Class,TS-21610,Troy Staebel,Consumer,United States,Freeport,Illinois,61032,Central,FUR-FU-10001424,Furniture,Furnishings,Dax Clear Box Frame,10.476,3,0.6,-6.8094
9223,CA-2017-103212,10/13/2017,10/14/2017,First Class,MH-18025,Michelle Huthwaite,Consumer,United States,Lafayette,Louisiana,70506,South,OFF-PA-10004355,Office Supplies,Paper,Xerox 231,25.92,4,0,12.4416
3711,CA-2017-113670,10/15/2017,10/17/2017,First Class,RS-19765,Roland Schwarz,Corporate,United States,Los Angeles,California,90045,West,FUR-TA-10001705,Furniture,Tables,Bush Advantage Collection Round Conference Table,510.24,3,0.2,6.378
1554,CA-2017-158386,10/16/2017,10/21/2017,Standard Class,BO-11425,Bobby Odegard,Consumer,United States,Richmond,Kentucky,40475,South,OFF-BI-10003719,Office Supplies,Binders,Large Capacity Hanging Post Binders,124.75,5,0,57.385
397,CA-2017-165603,10/17/2017,10/19/2017,Second Class,SS-20140,Saphhira Shifley,Corporate,United States,Warwick,Rhode Island,2886,East,OFF-PA-10002552,Office Supplies,Paper,Xerox 1958,12.96,2,0,6.2208
1362,CA-2017-125199,10/19/2017,10/25/2017,Standard Class,HM-14860,Harry Marie,Corporate,United States,Philadelphia,Pennsylvania,19120,East,OFF-PA-10004041,Office Supplies,Paper,"It's Hot Message Books with Stickers, 2 3/4"" x 5""",23.68,4,0.2,7.4
3060,CA-2017-131492,10/19/2017,10/24/2017,Second Class,HH-15010,Hilary Holden,Corporate,United States,San Francisco,California,94110,West,FUR-TA-10003837,Furniture,Tables,Anderson Hickey Conga Table Tops & Accessories,24.368,2,0.2,-3.3506
2798,CA-2017-158743,10/20/2017,10/27/2017,Standard Class,IG-15085,Ivan Gibson,Consumer,United States,Little Rock,Arkansas,72209,South,OFF-AR-10002257,Office Supplies,Art,"Eldon Spacemaker Box, Quick-Snap Lid, Clear",13.36,4,0,4.1416
8238,CA-2017-103065,10/20/2017,10/20/2017,Same Day,PT-19090,Pete Takahito,Consumer,United States,Jacksonville,Florida,32216,South,OFF-ST-10000617,Office Supplies,Storage,Woodgrain Magazine Files by Perma,4.768,2,0.2,-0.7748
528,CA-2017-113558,10/21/2017,10/26/2017,Standard Class,PH-18790,Patricia Hirasaki,Home Office,United States,Lakeland,Florida,33801,South,FUR-FU-10001756,Furniture,Furnishings,"Eldon Expressions Desk Accessory, Wood Photo Frame, Mahogany",45.696,3,0.2,5.1408
2159,CA-2017-148166,10/21/2017,10/26/2017,Standard Class,NK-18490,Neil Knudson,Home Office,United States,Deltona,Florida,32725,South,OFF-AR-10004956,Office Supplies,Art,Newell 33,17.856,4,0.2,2.0088
6197,CA-2017-113453,10/21/2017,10/28/2017,Standard Class,CM-12160,Charles McCrossin,Consumer,United States,Philadelphia,Pennsylvania,19143,East,OFF-ST-10000352,Office Supplies,Storage,Acco Perma 2700 Stacking Storage Drawers,71.376,3,0.2,-4.461
4295,CA-2017-101581,10/22/2017,10/27/2017,Standard Class,DW-13195,David Wiener,Corporate,United States,Redmond,Oregon,97756,West,FUR-TA-10002607,Furniture,Tables,KI Conference Tables,177.225,5,0.5,-120.513
7264,CA-2017-156363,10/22/2017,10/28/2017,Standard Class,ML-17395,Marina Lichtenstein,Corporate,United States,Philadelphia,Pennsylvania,19134,East,OFF-EN-10003068,Office Supplies,Envelopes,#6 3/4 Gummed Flap White Envelopes,31.68,4,0.2,11.088
3857,US-2017-105389,10/23/2017,10/28/2017,Second Class,DM-13015,Darrin Martin,Consumer,United States,San Antonio,Texas,78207,Central,TEC-PH-10002824,Technology,Phones,Jabra SPEAK 410 Multidevice Speakerphone,823.96,5,0.2,51.4975
8447,CA-2017-125451,10/23/2017,10/24/2017,First Class,AH-10075,Adam Hart,Corporate,United States,Cranston,Rhode Island,2920,East,FUR-FU-10004963,Furniture,Furnishings,"Eldon 400 Class Desk Accessories, Black Carbon",35,4,0,14.7
87,CA-2017-155558,10/26/2017,11/2/2017,Standard Class,PG-18895,Paul Gonzalez,Consumer,United States,Rochester,Minnesota,55901,Central,TEC-AC-10001998,Technology,Accessories,Logitech LS21 Speaker System - PC Multimedia - 2.1-CH - Wired,19.99,1,0,6.7966
8809,US-2017-110646,10/26/2017,10/31/2017,Standard Class,JF-15190,Jamie Frazer,Consumer,United States,Philadelphia,Pennsylvania,19134,East,TEC-PH-10002807,Technology,Phones,Motorla HX550 Universal Bluetooth Headset,118.65,5,0.4,19.775
5673,CA-2017-127922,10/27/2017,11/3/2017,Standard Class,SH-19975,Sally Hughsby,Corporate,United States,Dallas,Texas,75081,Central,OFF-EN-10003068,Office Supplies,Envelopes,#6 3/4 Gummed Flap White Envelopes,15.84,2,0.2,5.544
9242,CA-2017-110310,10/27/2017,11/2/2017,Standard Class,NB-18655,Nona Balk,Corporate,United States,Tallahassee,Florida,32303,South,OFF-AR-10001662,Office Supplies,Art,Rogers Handheld Barrel Pencil Sharpener,6.576,3,0.2,0.5754
7714,CA-2017-139353,10/28/2017,10/30/2017,Second Class,JM-15250,Janet Martin,Consumer,United States,Fayetteville,North Carolina,28314,South,OFF-PA-10000300,Office Supplies,Paper,Xerox 1936,47.952,3,0.2,16.1838
1708,CA-2017-123491,10/30/2017,11/5/2017,Standard Class,JK-15205,Jamie Kunitz,Consumer,United States,San Francisco,California,94122,West,TEC-PH-10003505,Technology,Phones,Geemarc AmpliPOWER60,148.48,2,0.2,16.704
1744,CA-2017-152807,10/30/2017,11/3/2017,Standard Class,MC-18100,Mick Crebagga,Consumer,United States,Philadelphia,Pennsylvania,19140,East,OFF-ST-10002486,Office Supplies,Storage,Eldon Shelf Savers Cubes and Bins,11.168,2,0.2,-2.5128
3440,CA-2017-152583,10/30/2017,10/30/2017,Same Day,RA-19945,Ryan Akin,Consumer,United States,Dallas,Texas,75217,Central,OFF-ST-10002214,Office Supplies,Storage,X-Rack File for Hanging Folders,54.192,6,0.2,4.0644
7828,CA-2017-117114,10/31/2017,11/5/2017,Standard Class,CY-12745,Craig Yedwab,Corporate,United States,Chicago,Illinois,60610,Central,OFF-EN-10001137,Office Supplies,Envelopes,"#10 Gummed Flap White Envelopes, 100/Box",9.912,3,0.2,3.2214
3276,CA-2017-116358,11/2/2017,11/6/2017,Standard Class,KM-16225,Kalyca Meade,Corporate,United States,Overland Park,Kansas,66212,Central,OFF-AR-10004685,Office Supplies,Art,"Binney & Smith Crayola Metallic Colored Pencils, 8-Color Set",27.78,6,0,9.1674
4880,CA-2017-143567,11/2/2017,11/5/2017,Second Class,TB-21175,Thomas Boland,Corporate,United States,Henderson,Kentucky,42420,South,OFF-EN-10004846,Office Supplies,Envelopes,Letter or Legal Size Expandable Poly String Tie Envelopes,5.32,2,0,2.6068
5506,CA-2017-127782,11/2/2017,11/6/2017,Standard Class,TH-21115,Thea Hudgings,Corporate,United States,Philadelphia,Pennsylvania,19140,East,TEC-PH-10001817,Technology,Phones,Wilson Electronics DB Pro Signal Booster,859.2,4,0.4,-186.16
8399,CA-2017-120061,11/2/2017,11/7/2017,Second Class,SR-20425,Sharelle Roach,Home Office,United States,Springfield,Ohio,45503,East,FUR-CH-10001973,Furniture,Chairs,Office Star Flex Back Scooter Chair with White Frame,155.372,2,0.3,-35.5136
2907,CA-2017-121615,11/3/2017,11/9/2017,Standard Class,DL-12925,Daniel Lacy,Consumer,United States,Eagan,Minnesota,55122,Central,OFF-PA-10000327,Office Supplies,Paper,Xerox 1971,8.56,2,0,3.852
6352,CA-2017-161130,11/3/2017,11/8/2017,Standard Class,BF-11275,Beth Fritzler,Corporate,United States,Miami,Florida,33178,South,TEC-PH-10002549,Technology,Phones,Polycom SoundPoint IP 450 VoIP phone,361.376,2,0.2,27.1032
8821,CA-2017-100622,11/3/2017,11/7/2017,Standard Class,DK-13090,Dave Kipp,Consumer,United States,Orlando,Florida,32839,South,TEC-CO-10003236,Technology,Copiers,Canon Image Class D660 Copier,959.984,2,0.2,311.9948
1411,CA-2017-105144,11/4/2017,11/11/2017,Standard Class,SZ-20035,Sam Zeldin,Home Office,United States,Grand Prairie,Texas,75051,Central,OFF-LA-10003923,Office Supplies,Labels,Alphabetical Labels for Top Tab Filing,23.68,2,0.2,8.88
9224,CA-2017-121160,11/4/2017,11/4/2017,Same Day,FM-14290,Frank Merwin,Home Office,United States,Bryan,Texas,77803,Central,OFF-BI-10001308,Office Supplies,Binders,GBC Standard Plastic Binding Systems' Combs,7.536,6,0.8,-13.188
127,US-2017-107272,11/5/2017,11/12/2017,Standard Class,TS-21610,Troy Staebel,Consumer,United States,Phoenix,Arizona,85023,West,OFF-BI-10003274,Office Supplies,Binders,"Avery Durable Slant Ring Binders, No Labels",2.388,2,0.7,-1.8308
9467,CA-2017-102925,11/5/2017,11/10/2017,Second Class,CD-12280,Christina DeMoss,Consumer,United States,New York City,New York,10024,East,OFF-BI-10002735,Office Supplies,Binders,GBC Prestige Therm-A-Bind Covers,164.688,6,0.2,55.5822
9474,CA-2017-102925,11/5/2017,11/10/2017,Second Class,CD-12280,Christina DeMoss,Consumer,United States,New York City,New York,10024,East,FUR-FU-10004245,Furniture,Furnishings,"Career Cubicle Clock, 8 1/4"", Black",101.4,5,0,38.532
1229,CA-2017-100013,11/6/2017,11/11/2017,Standard Class,ZC-21910,Zuschuss Carroll,Consumer,United States,Los Angeles,California,90045,West,OFF-EN-10001219,Office Supplies,Envelopes,"#10- 4 1/8"" x 9 1/2"" Security-Tint Envelopes",15.28,2,0,7.4872
2973,CA-2017-167941,11/6/2017,11/9/2017,Second Class,JF-15565,Jill Fjeld,Consumer,United States,Fayetteville,North Carolina,28314,South,OFF-ST-10000736,Office Supplies,Storage,Carina Double Wide Media Storage Towers in Natural & Black,259.136,4,0.2,-51.8272
5905,US-2017-153948,11/6/2017,11/6/2017,Same Day,FM-14290,Frank Merwin,Home Office,United States,San Francisco,California,94122,West,OFF-PA-10000143,Office Supplies,Paper,Astroparche Fine Business Paper,26.4,5,0,12.672
8621,US-2017-119319,11/6/2017,11/9/2017,Second Class,LC-17050,Liz Carlisle,Consumer,United States,Dallas,Texas,75217,Central,FUR-FU-10003878,Furniture,Furnishings,"Linden 10"" Round Wall Clock, Black",30.56,5,0.6,-19.864
3559,CA-2017-152737,11/7/2017,11/12/2017,Standard Class,TS-21505,Tony Sayre,Consumer,United States,San Francisco,California,94122,West,OFF-BI-10002982,Office Supplies,Binders,Avery Self-Adhesive Photo Pockets for Polaroid Photos,21.792,4,0.2,7.6272
8432,CA-2017-155621,11/8/2017,11/13/2017,Standard Class,KN-16450,Kean Nguyen,Corporate,United States,Baltimore,Maryland,21215,East,FUR-FU-10003535,Furniture,Furnishings,Howard Miller Distant Time Traveler Alarm Clock,274.2,10,0,112.422
3184,CA-2017-152912,11/9/2017,11/12/2017,Second Class,BM-11650,Brian Moss,Corporate,United States,Columbia,Maryland,21044,East,OFF-ST-10003208,Office Supplies,Storage,Adjustable Depth Letter/Legal Cart,1633.14,9,0,473.6106
1365,US-2017-155425,11/10/2017,11/11/2017,First Class,AB-10600,Ann Blume,Corporate,United States,Tucson,Arizona,85705,West,TEC-MA-10003183,Technology,Machines,DYMO CardScan Personal V9 Business Card Scanner,95.994,2,0.7,-63.996
5391,CA-2017-163874,11/10/2017,11/12/2017,Second Class,NC-18535,Nick Crebassa,Corporate,United States,Seattle,Washington,98105,West,OFF-BI-10000088,Office Supplies,Binders,GBC Imprintable Covers,26.352,3,0.2,9.5526
901,CA-2017-150959,11/11/2017,11/13/2017,First Class,TD-20995,Tamara Dahlen,Consumer,United States,Garland,Texas,75043,Central,OFF-LA-10001045,Office Supplies,Labels,Permanent Self-Adhesive File Folder Labels for Typewriters by Universal,10.44,5,0.2,3.393
4227,CA-2017-120327,11/11/2017,11/16/2017,Standard Class,WB-21850,William Brown,Consumer,United States,Urbandale,Iowa,50322,Central,OFF-FA-10004854,Office Supplies,Fasteners,"Vinyl Coated Wire Paper Clips in Organizer Box, 800/Box",45.92,4,0,21.5824
9261,CA-2017-167976,11/11/2017,11/14/2017,Second Class,JL-15505,Jeremy Lonsdale,Consumer,United States,Aberdeen,South Dakota,57401,Central,OFF-SU-10004661,Office Supplies,Supplies,Acme Titanium Bonded Scissors,25.5,3,0,6.63
2950,CA-2017-134915,11/12/2017,11/12/2017,Same Day,EM-14140,Eugene Moren,Home Office,United States,Glendale,Arizona,85301,West,TEC-AC-10001266,Technology,Accessories,Memorex Micro Travel Drive 8 GB,41.6,4,0.2,13
3136,CA-2017-164168,11/12/2017,11/18/2017,Standard Class,LS-16975,Lindsay Shagiari,Home Office,United States,Dallas,Texas,75081,Central,OFF-ST-10002583,Office Supplies,Storage,Fellowes Neat Ideas Storage Cubes,77.952,3,0.2,-15.5904
4741,CA-2017-164364,11/12/2017,11/16/2017,Standard Class,CS-12355,Christine Sundaresam,Consumer,United States,Seattle,Washington,98115,West,OFF-LA-10004853,Office Supplies,Labels,Avery 483,9.96,2,0,4.5816
8429,US-2017-132220,11/12/2017,11/16/2017,Standard Class,DJ-13510,Don Jones,Corporate,United States,Tempe,Arizona,85281,West,TEC-AC-10004227,Technology,Accessories,SanDisk Ultra 16 GB MicroSDHC Class 10 Memory Card,62.352,6,0.2,-10.9116
2630,US-2017-165344,11/13/2017,11/15/2017,First Class,SB-20290,Sean Braxton,Corporate,United States,Springfield,Ohio,45503,East,OFF-BI-10003196,Office Supplies,Binders,Accohide Poly Flexible Ring Binders,11.22,10,0.7,-7.48
4869,CA-2017-122490,11/13/2017,11/18/2017,Standard Class,TT-21070,Ted Trevino,Consumer,United States,Seattle,Washington,98103,West,OFF-LA-10001613,Office Supplies,Labels,Avery File Folder Labels,8.64,3,0,4.2336
8320,CA-2017-133620,11/13/2017,11/18/2017,Standard Class,EM-14065,Erin Mull,Consumer,United States,New York City,New York,10009,East,OFF-ST-10004634,Office Supplies,Storage,"Personal Folder Holder, Ebony",11.21,1,0,3.363
1073,CA-2017-106943,11/14/2017,11/19/2017,Standard Class,FO-14305,Frank Olsen,Consumer,United States,New York City,New York,10035,East,OFF-BI-10003669,Office Supplies,Binders,3M Organizer Strips,8.64,2,0.2,3.024
4075,CA-2017-108112,11/15/2017,11/20/2017,Standard Class,DK-12895,Dana Kaydos,Consumer,United States,Miramar,Florida,33023,South,FUR-FU-10003553,Furniture,Furnishings,"Howard Miller 13-1/2"" Diameter Rosebrook Wall Clock",220.064,4,0.2,55.016
5269,US-2017-114657,11/16/2017,11/21/2017,Standard Class,MH-18115,Mick Hernandez,Home Office,United States,Yonkers,New York,10701,East,TEC-MA-10003173,Technology,Machines,Hewlett-Packard 300S Scientific Calculator,52.44,4,0,24.1224
8716,CA-2017-121678,11/16/2017,11/20/2017,Second Class,BM-11650,Brian Moss,Corporate,United States,Elyria,Ohio,44035,East,OFF-BI-10002949,Office Supplies,Binders,Prestige Round Ring Binders,1.824,1,0.7,-1.3984
2846,CA-2017-138163,11/17/2017,11/20/2017,First Class,XP-21865,Xylona Preis,Consumer,United States,Everett,Massachusetts,2149,East,OFF-AR-10001958,Office Supplies,Art,Stanley Bostitch Contemporary Electric Pencil Sharpeners,50.94,3,0,14.2632
7319,CA-2017-158120,11/17/2017,11/21/2017,Standard Class,KH-16330,Katharine Harms,Corporate,United States,Hillsboro,Oregon,97123,West,OFF-BI-10002813,Office Supplies,Binders,Avery Reinforcements for Hole-Punch Pages,4.158,7,0.7,-3.465
9989,CA-2017-163629,11/17/2017,11/21/2017,Standard Class,RA-19885,Ruben Ausman,Corporate,United States,Athens,Georgia,30605,South,TEC-PH-10004006,Technology,Phones,Panasonic KX - TS880B Telephone,206.1,5,0,55.647
2930,CA-2017-143434,11/18/2017,11/24/2017,Standard Class,ME-17320,Maria Etezadi,Home Office,United States,Saginaw,Michigan,48601,Central,FUR-FU-10002597,Furniture,Furnishings,"C-Line Magnetic Cubicle Keepers, Clear Polypropylene",19.76,4,0,8.2992
7965,CA-2017-104864,11/18/2017,11/23/2017,Second Class,JS-15685,Jim Sink,Corporate,United States,Miramar,Florida,33023,South,OFF-PA-10004609,Office Supplies,Paper,Xerox 221,20.736,4,0.2,7.2576
9009,CA-2017-107825,11/18/2017,11/18/2017,Same Day,NB-18655,Nona Balk,Corporate,United States,Milwaukee,Wisconsin,53209,Central,FUR-FU-10000206,Furniture,Furnishings,"GE General Purpose, Extra Long Life, Showcase & Floodlight Incandescent Bulbs",5.82,2,0,2.7354
1600,CA-2017-158876,11/19/2017,11/21/2017,Second Class,AB-10150,Aimee Bixby,Consumer,United States,Carrollton,Texas,75007,Central,OFF-AR-10003373,Office Supplies,Art,"Boston School Pro Electric Pencil Sharpener, 1670",99.136,4,0.2,8.6744
2945,CA-2017-126242,11/19/2017,11/24/2017,Standard Class,MC-18100,Mick Crebagga,Consumer,United States,Los Angeles,California,90049,West,FUR-FU-10002685,Furniture,Furnishings,"Executive Impressions 13-1/2"" Indoor/Outdoor Wall Clock",18.7,1,0,7.106
5310,CA-2017-131254,11/19/2017,11/21/2017,First Class,NC-18415,Nathan Cano,Consumer,United States,Houston,Texas,77095,Central,OFF-AR-10003876,Office Supplies,Art,"Avery Hi-Liter GlideStik Fluorescent Highlighter, Yellow Ink",13.04,5,0.2,3.912
561,CA-2017-118731,11/20/2017,11/22/2017,Second Class,LP-17080,Liz Pelletier,Consumer,United States,San Francisco,California,94110,West,OFF-BI-10000069,Office Supplies,Binders,"GBC Prepunched Paper, 19-Hole, for Binding Systems, 24-lb",84.056,7,0.2,27.3182
4389,CA-2017-111556,11/20/2017,11/22/2017,First Class,CD-11920,Carlos Daly,Consumer,United States,New York City,New York,10035,East,OFF-PA-10003651,Office Supplies,Paper,Xerox 1968,46.76,7,0,22.4448
7928,CA-2017-120404,11/20/2017,11/24/2017,Second Class,KH-16330,Katharine Harms,Corporate,United States,New York City,New York,10035,East,TEC-PH-10001363,Technology,Phones,Apple iPhone 5S,569.99,1,0,170.997
2246,CA-2017-103380,11/21/2017,11/25/2017,Standard Class,BF-11005,Barry Franz,Home Office,United States,Pasadena,California,91104,West,OFF-AP-10001492,Office Supplies,Appliances,"Acco Six-Outlet Power Strip, 4' Cord Length",8.62,1,0,2.2412
6364,CA-2017-110443,11/21/2017,11/25/2017,Standard Class,CK-12205,Chloris Kastensmidt,Consumer,United States,Renton,Washington,98059,West,TEC-MA-10002073,Technology,Machines,"3D Systems Cube Printer, 2nd Generation, White",1039.992,1,0.2,103.9992
426,CA-2017-149160,11/23/2017,11/26/2017,Second Class,JM-15265,Janet Molinari,Corporate,United States,Canton,Michigan,48187,Central,FUR-FU-10003347,Furniture,Furnishings,Coloredge Poster Frame,28.4,2,0,11.076
6303,CA-2017-166919,11/23/2017,11/27/2017,Standard Class,AH-10210,Alan Hwang,Consumer,United States,Dallas,Texas,75220,Central,TEC-PH-10001305,Technology,Phones,Panasonic KX TS208W Corded phone,195.96,5,0.2,19.596
554,CA-2017-101945,11/24/2017,11/28/2017,Standard Class,GT-14710,Greg Tran,Consumer,United States,Houston,Texas,77070,Central,OFF-FA-10004248,Office Supplies,Fasteners,Advantus T-Pin Paper Clips,10.824,3,0.2,2.5707
4349,CA-2017-169894,11/24/2017,11/29/2017,Second Class,MV-17485,Mark Van Huff,Consumer,United States,Mesa,Arizona,85204,West,OFF-BI-10004230,Office Supplies,Binders,GBC Recycled Grain Textured Covers,20.724,2,0.7,-15.1976
4765,CA-2017-123701,11/24/2017,11/27/2017,First Class,PG-18820,Patrick Gardner,Consumer,United States,San Francisco,California,94110,West,OFF-AR-10001860,Office Supplies,Art,BIC Liqua Brite Liner,27.76,4,0,9.9936
9266,US-2017-128118,11/24/2017,12/1/2017,Standard Class,MY-17380,Maribeth Yedwab,Corporate,United States,Memphis,Tennessee,38109,South,OFF-EN-10003448,Office Supplies,Envelopes,"Peel & Seel Recycled Catalog Envelopes, Brown",64.848,7,0.2,24.318
6319,CA-2017-161459,11/25/2017,11/29/2017,Second Class,EB-13750,Edward Becker,Corporate,United States,Laguna Niguel,California,92677,West,TEC-PH-10004071,Technology,Phones,PayAnywhere Card Reader,39.96,5,0.2,3.4965
8961,CA-2017-150266,11/25/2017,11/30/2017,Standard Class,RO-19780,Rose O'Brian,Consumer,United States,Houston,Texas,77070,Central,FUR-CH-10002126,Furniture,Chairs,Hon Deluxe Fabric Upholstered Stacking Chairs,853.93,5,0.3,-24.398
3630,CA-2017-155957,11/26/2017,11/30/2017,Standard Class,CC-12610,Corey Catlett,Corporate,United States,Columbus,Ohio,43229,East,OFF-AP-10002082,Office Supplies,Appliances,Holmes HEPA Air Purifier,52.272,3,0.2,9.801
7134,CA-2017-141439,11/26/2017,12/1/2017,Standard Class,TT-21460,Tonja Turnell,Home Office,United States,Richmond,Indiana,47374,Central,FUR-FU-10001473,Furniture,Furnishings,DAX Wood Document Frame,27.46,2,0,9.8856
1935,CA-2017-101245,11/27/2017,12/3/2017,Standard Class,LW-16990,Lindsay Williams,Corporate,United States,San Francisco,California,94109,West,OFF-PA-10003129,Office Supplies,Paper,Tops White Computer Printout Paper,244.55,5,0,114.9385
6638,CA-2017-103352,11/27/2017,11/30/2017,Second Class,RP-19390,Resi Pölking,Consumer,United States,New York City,New York,10011,East,OFF-AR-10001573,Office Supplies,Art,American Pencil,6.99,3,0,2.0271
951,US-2017-110576,11/28/2017,12/2/2017,Standard Class,RB-19795,Ross Baird,Home Office,United States,Philadelphia,Pennsylvania,19120,East,OFF-PA-10000788,Office Supplies,Paper,Xerox 210,15.552,3,0.2,5.4432
4248,CA-2017-117702,11/28/2017,12/4/2017,Standard Class,LS-16975,Lindsay Shagiari,Home Office,United States,Baltimore,Maryland,21215,East,FUR-FU-10004270,Furniture,Furnishings,"Eldon Image Series Desk Accessories, Burgundy",20.9,5,0,7.524
1604,CA-2017-116645,11/30/2017,12/4/2017,Standard Class,ME-17725,Max Engle,Consumer,United States,Newark,Delaware,19711,East,OFF-AR-10001044,Office Supplies,Art,"BOSTON Ranger #55 Pencil Sharpener, Black",155.94,6,0,45.2226
5586,CA-2017-105333,11/30/2017,12/4/2017,Standard Class,VP-21730,Victor Preis,Home Office,United States,New York City,New York,10011,East,TEC-PH-10001468,Technology,Phones,Panasonic Business Telephones KX-T7736,546.06,3,0,163.818
209,CA-2017-135860,12/1/2017,12/7/2017,Standard Class,JH-15985,Joseph Holt,Consumer,United States,Saginaw,Michigan,48601,Central,OFF-BI-10003274,Office Supplies,Binders,"Avery Durable Slant Ring Binders, No Labels",15.92,4,0,7.4824
583,CA-2017-145233,12/1/2017,12/5/2017,Standard Class,DV-13465,Dianna Vittorini,Consumer,United States,Denver,Colorado,80219,West,TEC-PH-10000586,Technology,Phones,AT&T SB67148 SynJ,105.584,2,0.2,9.2386
3245,CA-2017-113355,12/1/2017,12/5/2017,Standard Class,SJ-20215,Sarah Jordon,Consumer,United States,Grand Prairie,Texas,75051,Central,FUR-CH-10002602,Furniture,Chairs,DMI Arturo Collection Mission-style Design Wood Chair,317.058,3,0.3,-18.1176
6205,CA-2017-145660,12/1/2017,12/3/2017,First Class,MG-17650,Matthew Grinstein,Home Office,United States,Marion,Ohio,43302,East,FUR-FU-10002885,Furniture,Furnishings,Magna Visual Magnetic Picture Hangers,7.712,2,0.2,1.7352
8889,CA-2017-103968,12/1/2017,12/7/2017,Standard Class,ML-17755,Max Ludwig,Home Office,United States,Stockton,California,95207,West,FUR-FU-10003394,Furniture,Furnishings,"Tenex ""The Solids"" Textured Chair Mats",629.64,9,0,107.0388
1895,US-2017-108063,12/2/2017,12/5/2017,First Class,AS-10090,Adam Shillingsburg,Consumer,United States,Charlottesville,Virginia,22901,South,OFF-AR-10001446,Office Supplies,Art,Newell 309,34.65,3,0,10.395
2352,CA-2017-109701,12/2/2017,12/3/2017,Same Day,AM-10360,Alice McCarthy,Corporate,United States,Los Angeles,California,90032,West,OFF-AP-10002765,Office Supplies,Appliances,Fellowes Advanced Computer Series Surge Protectors,79.47,3,0,22.2516
6272,CA-2017-102379,12/2/2017,12/6/2017,Standard Class,BB-11545,Brenda Bowman,Corporate,United States,Oakland,California,94601,West,OFF-AR-10004022,Office Supplies,Art,Panasonic KP-380BK Classic Electric Pencil Sharpener,179.9,5,0,44.975
7542,US-2017-112347,12/2/2017,12/6/2017,Standard Class,BS-11380,Bill Stewart,Corporate,United States,Denver,Colorado,80219,West,TEC-PH-10000213,Technology,Phones,Seidio BD2-HK3IPH5-BK DILEX Case and Holster Combo for Apple iPhone 5/5s - Black,49.616,2,0.2,4.9616
9727,CA-2017-167395,12/2/2017,12/4/2017,First Class,KM-16720,Kunst Miller,Consumer,United States,Lowell,Massachusetts,1852,East,OFF-AP-10001293,Office Supplies,Appliances,Belkin 8 Outlet Surge Protector,286.86,7,0,80.3208
2675,CA-2017-136875,12/3/2017,12/3/2017,Same Day,TC-21295,Toby Carlisle,Consumer,United States,San Diego,California,92024,West,OFF-PA-10000357,Office Supplies,Paper,Xerox 1888,166.44,3,0,79.8912
7762,CA-2017-123071,12/3/2017,12/6/2017,First Class,CC-12550,Clay Cheatham,Consumer,United States,Plano,Texas,75023,Central,OFF-PA-10003729,Office Supplies,Paper,Xerox 1998,10.368,2,0.2,3.6288
7887,CA-2017-118017,12/3/2017,12/6/2017,Second Class,LC-16870,Lena Cacioppo,Consumer,United States,Thornton,Colorado,80229,West,FUR-FU-10004270,Furniture,Furnishings,"Eldon Image Series Desk Accessories, Burgundy",16.72,5,0.2,3.344
5521,CA-2017-117667,12/4/2017,12/9/2017,Standard Class,MS-17980,Michael Stewart,Corporate,United States,Philadelphia,Pennsylvania,19134,East,OFF-PA-10002709,Office Supplies,Paper,Xerox 1956,23.92,5,0.2,8.671
7392,CA-2017-160031,12/4/2017,12/7/2017,Second Class,LT-16765,Larry Tron,Consumer,United States,Fairfield,Ohio,45014,East,OFF-PA-10000241,Office Supplies,Paper,"IBM Multi-Purpose Copy Paper, 8 1/2 x 11"", Case",74.352,3,0.2,23.235
675,CA-2017-130351,12/5/2017,12/8/2017,First Class,RB-19570,Rob Beeghly,Consumer,United States,Columbus,Indiana,47201,Central,OFF-PA-10002137,Office Supplies,Paper,"Southworth 100% Résumé Paper, 24lb.",38.9,5,0,17.505
3434,CA-2017-131212,12/5/2017,12/9/2017,Standard Class,AB-10165,Alan Barnes,Consumer,United States,Bellevue,Washington,98006,West,OFF-BI-10001617,Office Supplies,Binders,GBC Wire Binding Combs,24.816,3,0.2,8.3754
9528,CA-2017-156958,12/5/2017,12/6/2017,First Class,PB-18805,Patrick Bzostek,Home Office,United States,Seattle,Washington,98115,West,OFF-BI-10001543,Office Supplies,Binders,GBC VeloBinder Manual Binding System,172.752,6,0.2,60.4632
3898,CA-2017-134285,12/7/2017,12/12/2017,Standard Class,DS-13180,David Smith,Corporate,United States,San Antonio,Texas,78207,Central,OFF-PA-10000304,Office Supplies,Paper,Xerox 1995,15.552,3,0.2,5.4432
406,CA-2017-117457,12/8/2017,12/12/2017,Standard Class,KH-16510,Keith Herrera,Consumer,United States,San Francisco,California,94110,West,TEC-AC-10000158,Technology,Accessories,Sony 64GB Class 10 Micro SDHC R40 Memory Card,179.95,5,0,37.7895
413,CA-2017-117457,12/8/2017,12/12/2017,Standard Class,KH-16510,Keith Herrera,Consumer,United States,San Francisco,California,94110,West,FUR-BO-10001972,Furniture,Bookcases,O'Sullivan 4-Shelf Bookcase in Odessa Pine,1336.829,13,0.15,31.4548
3432,CA-2017-148264,12/8/2017,12/9/2017,First Class,LF-17185,Luke Foster,Consumer,United States,Inglewood,California,90301,West,FUR-FU-10002703,Furniture,Furnishings,"Tenex Traditional Chairmats for Hard Floors, Average Lip, 36"" x 48""",128.9,2,0,15.468
5728,CA-2017-117324,12/8/2017,12/13/2017,Standard Class,JP-15520,Jeremy Pistek,Consumer,United States,Madison,Wisconsin,53711,Central,TEC-AC-10003023,Technology,Accessories,Logitech G105 Gaming Keyboard,178.11,3,0,32.0598
8739,US-2017-131961,12/8/2017,12/11/2017,First Class,MJ-17740,Max Jones,Consumer,United States,Philadelphia,Pennsylvania,19140,East,OFF-AR-10004441,Office Supplies,Art,BIC Brite Liner Highlighters,13.248,4,0.2,3.6432
270,US-2017-145366,12/9/2017,12/13/2017,Standard Class,CA-12310,Christine Abelman,Corporate,United States,Cincinnati,Ohio,45231,East,OFF-EN-10004386,Office Supplies,Envelopes,"Recycled Interoffice Envelopes with String and Button Closure, 10 x 13",57.576,3,0.2,21.591
3651,CA-2017-109960,12/9/2017,12/11/2017,Second Class,DB-13210,Dean Braden,Consumer,United States,Detroit,Michigan,48234,Central,TEC-AC-10004859,Technology,Accessories,"Maxell Pro 80 Minute CD-R, 10/Pack",104.88,6,0,41.952
4293,CA-2017-102407,12/9/2017,12/13/2017,Second Class,AT-10435,Alyssa Tate,Home Office,United States,Los Angeles,California,90004,West,OFF-AP-10001394,Office Supplies,Appliances,Harmony Air Purifier,189,1,0,68.04
7517,US-2017-167920,12/9/2017,12/12/2017,Second Class,JL-15835,John Lee,Consumer,United States,Richmond,Kentucky,40475,South,OFF-BI-10003274,Office Supplies,Binders,"Avery Durable Slant Ring Binders, No Labels",15.92,4,0,7.4824
1058,CA-2017-167150,12/10/2017,12/17/2017,Standard Class,BP-11185,Ben Peterman,Corporate,United States,San Diego,California,92037,West,OFF-BI-10001097,Office Supplies,Binders,Avery Hole Reinforcements,19.936,4,0.2,7.2268
2336,CA-2017-152695,12/10/2017,12/10/2017,Same Day,CC-12220,Chris Cortes,Consumer,United States,Fairfield,Connecticut,6824,East,OFF-EN-10004030,Office Supplies,Envelopes,Convenience Packs of Business Envelopes,10.86,3,0,5.1042
3527,CA-2017-148922,12/10/2017,12/15/2017,Second Class,SU-20665,Stephanie Ulpright,Home Office,United States,Jackson,Mississippi,39212,South,TEC-PH-10000148,Technology,Phones,Cyber Acoustics AC-202b Speech Recognition Stereo Headset,38.97,3,0,0.7794
390,CA-2017-101798,12/11/2017,12/15/2017,Standard Class,MV-18190,Mike Vittorini,Consumer,United States,New York City,New York,10009,East,OFF-BI-10000050,Office Supplies,Binders,"Angle-D Binders with Locking Rings, Label Holders",23.36,4,0.2,7.884
6273,CA-2017-149706,12/11/2017,12/12/2017,First Class,AS-10285,Alejandro Savely,Corporate,United States,Palatine,Illinois,60067,Central,TEC-AC-10001284,Technology,Accessories,Enermax Briskie RF Wireless Keyboard and Mouse Combo,116.312,7,0.2,23.2624
7347,CA-2017-168389,12/11/2017,12/17/2017,Standard Class,DV-13045,Darrin Van Huff,Corporate,United States,Jacksonville,Florida,32216,South,OFF-AR-10001958,Office Supplies,Art,Stanley Bostitch Contemporary Electric Pencil Sharpeners,13.584,1,0.2,1.3584
9970,CA-2017-153871,12/11/2017,12/17/2017,Standard Class,RB-19435,Richard Bierner,Consumer,United States,Plainfield,New Jersey,7060,East,OFF-AP-10003622,Office Supplies,Appliances,"Bravo II Megaboss 12-Amp Hard Body Upright, Replacement Belts, 2 Belts per Pack",22.75,7,0,6.5975
2947,CA-2017-169859,12/14/2017,12/18/2017,Standard Class,MP-18175,Mike Pelletier,Home Office,United States,San Diego,California,92024,West,FUR-FU-10004963,Furniture,Furnishings,"Eldon 400 Class Desk Accessories, Black Carbon",26.25,3,0,11.025
5277,CA-2017-147333,12/14/2017,12/20/2017,Standard Class,KL-16555,Kelly Lampkin,Corporate,United States,Fayetteville,Arkansas,72701,South,TEC-AC-10003038,Technology,Accessories,Kingston Digital DataTraveler 16GB USB 2.0,44.75,5,0,8.5025
7699,CA-2017-151799,12/14/2017,12/18/2017,Standard Class,BF-11170,Ben Ferrer,Home Office,United States,Lawrence,Massachusetts,1841,East,OFF-ST-10002790,Office Supplies,Storage,Safco Industrial Shelving,73.85,1,0,2.2155
9700,CA-2017-154116,12/15/2017,12/19/2017,Standard Class,KM-16660,Khloe Miller,Consumer,United States,Inglewood,California,90301,West,OFF-AP-10000027,Office Supplies,Appliances,Hoover Commercial SteamVac,54.32,4,0,16.296
3004,CA-2017-104381,12/16/2017,12/23/2017,Standard Class,RD-19810,Ross DeVincentis,Home Office,United States,Rochester,New York,14609,East,OFF-BI-10001628,Office Supplies,Binders,"Acco Data Flex Cable Posts For Top & Bottom Load Binders, 6"" Capacity",33.376,4,0.2,10.43
9049,CA-2017-137463,12/16/2017,12/20/2017,Second Class,KM-16225,Kalyca Meade,Corporate,United States,Sunnyvale,California,94086,West,OFF-LA-10003498,Office Supplies,Labels,Avery 475,44.4,3,0,22.2
4342,CA-2017-130309,12/17/2017,12/21/2017,Standard Class,GB-14575,Giulietta Baptist,Consumer,United States,Arlington,Virginia,22204,South,OFF-ST-10003208,Office Supplies,Storage,Adjustable Depth Letter/Legal Cart,544.38,3,0,157.8702
1114,CA-2017-140585,12/18/2017,12/23/2017,Second Class,RA-19915,Russell Applegate,Consumer,United States,Encinitas,California,92024,West,OFF-BI-10003364,Office Supplies,Binders,Binding Machine Supplies,46.672,2,0.2,16.3352
1910,CA-2017-105886,12/18/2017,12/23/2017,Standard Class,DB-13660,Duane Benoit,Consumer,United States,Oceanside,New York,11572,East,FUR-FU-10001037,Furniture,Furnishings,"DAX Charcoal/Nickel-Tone Document Frame, 5 x 7",18.96,2,0,8.532
8845,CA-2017-156664,12/18/2017,12/23/2017,Standard Class,BP-11290,Beth Paige,Consumer,United States,Columbus,Ohio,43229,East,OFF-BI-10004209,Office Supplies,Binders,"Fellowes Twister Kit, Gray/Clear, 3/pkg",7.236,3,0.7,-6.03
3589,CA-2017-158729,12/19/2017,12/21/2017,First Class,AC-10450,Amy Cox,Consumer,United States,Lafayette,Louisiana,70506,South,OFF-SU-10002881,Office Supplies,Supplies,Martin Yale Chadless Opener Electric Letter Opener,1665.62,2,0,33.3124
6510,CA-2017-102197,12/20/2017,12/26/2017,Standard Class,DK-13150,David Kendrick,Corporate,United States,New York City,New York,10009,East,OFF-BI-10001524,Office Supplies,Binders,GBC Premium Transparent Covers with Diagonal Lined Pattern,50.352,3,0.2,17.6232
1969,CA-2017-165841,12/21/2017,12/28/2017,Standard Class,DB-13210,Dean Braden,Consumer,United States,Paterson,New Jersey,7501,East,OFF-PA-10001144,Office Supplies,Paper,Xerox 1913,166.44,3,0,79.8912
1893,CA-2017-145310,12/22/2017,12/24/2017,Second Class,JP-15520,Jeremy Pistek,Consumer,United States,Port Orange,Florida,32127,South,OFF-EN-10002621,Office Supplies,Envelopes,Staple envelope,7.824,1,0.2,2.934
2621,CA-2017-115931,12/22/2017,12/26/2017,Standard Class,JM-15655,Jim Mitchum,Corporate,United States,Carlsbad,New Mexico,88220,West,OFF-ST-10000876,Office Supplies,Storage,Eldon Simplefile Box Office,37.32,3,0,10.4496
6194,CA-2017-104927,12/22/2017,12/26/2017,Standard Class,AG-10330,Alex Grayson,Consumer,United States,Houston,Texas,77095,Central,OFF-BI-10003429,Office Supplies,Binders,"Cardinal HOLDit! Binder Insert Strips,Extra Strips",6.33,5,0.8,-9.8115
8950,CA-2017-150910,12/22/2017,12/28/2017,Standard Class,JL-15130,Jack Lebron,Consumer,United States,Jackson,Tennessee,38301,South,FUR-TA-10002903,Furniture,Tables,"Bevis Round Bullnose 29"" High Table Top",934.956,6,0.4,-249.3216
3545,CA-2017-121216,12/23/2017,12/25/2017,Second Class,MM-17920,Michael Moore,Consumer,United States,College Station,Texas,77840,Central,OFF-PA-10004519,Office Supplies,Paper,Spiral Phone Message Books with Labels by Adams,28.672,8,0.2,10.3936
6855,US-2017-162670,12/23/2017,12/28/2017,Second Class,MF-18250,Monica Federle,Corporate,United States,Little Rock,Arkansas,72209,South,OFF-ST-10001522,Office Supplies,Storage,"Gould Plastics 18-Pocket Panel Bin, 34w x 5-1/4d x 20-1/2h",367.96,4,0,14.7184
1507,CA-2017-154935,12/24/2017,12/29/2017,Standard Class,AR-10540,Andy Reiter,Consumer,United States,New York City,New York,10024,East,OFF-BI-10003708,Office Supplies,Binders,"Acco Four Pocket Poly Ring Binder with Label Holder, Smoke, 1""",17.88,3,0.2,5.5875
4620,CA-2017-145219,12/24/2017,12/25/2017,First Class,RM-19675,Robert Marley,Home Office,United States,Los Angeles,California,90049,West,TEC-CO-10001449,Technology,Copiers,Hewlett Packard LaserJet 3310 Copier,2879.952,6,0.2,1007.9832
8948,CA-2017-148355,12/24/2017,12/28/2017,Standard Class,NC-18535,Nick Crebassa,Corporate,United States,New Bedford,Massachusetts,2740,East,OFF-BI-10000201,Office Supplies,Binders,"Avery Triangle Shaped Sheet Lifters, Black, 2/Pack",12.3,5,0,6.15
2426,US-2017-147669,12/25/2017,12/30/2017,Standard Class,SV-20935,Susan Vittorini,Consumer,United States,Fairfield,Ohio,45014,East,FUR-TA-10002645,Furniture,Tables,Hon Rectangular Conference Tables,273.06,2,0.4,-104.673
6076,CA-2017-121398,12/25/2017,12/29/2017,Standard Class,FH-14365,Fred Hopkins,Corporate,United States,Los Angeles,California,90008,West,OFF-ST-10002756,Office Supplies,Storage,"Tennsco Stur-D-Stor Boltless Shelving, 5 Shelves, 24"" Deep, Sand",270.62,2,0,2.7062
8957,CA-2017-105620,12/25/2017,12/28/2017,First Class,JH-15430,Jennifer Halladay,Consumer,United States,Hialeah,Florida,33012,South,FUR-FU-10004963,Furniture,Furnishings,"Eldon 400 Class Desk Accessories, Black Carbon",21,3,0.2,5.775
2570,CA-2017-134404,12/27/2017,12/27/2017,Same Day,DR-12880,Dan Reichenbach,Corporate,United States,Newark,Ohio,43055,East,TEC-PH-10000576,Technology,Phones,AT&T 1080 Corded phone,164.388,2,0.4,-35.6174
954,CA-2017-136539,12/28/2017,1/1/2018,Standard Class,GH-14665,Greg Hansen,Consumer,United States,Round Rock,Texas,78664,Central,OFF-AR-10001958,Office Supplies,Art,Stanley Bostitch Contemporary Electric Pencil Sharpeners,27.168,2,0.2,2.7168
6820,CA-2017-163860,12/28/2017,1/1/2018,Standard Class,LO-17170,Lori Olson,Corporate,United States,Peoria,Illinois,61604,Central,FUR-FU-10004586,Furniture,Furnishings,G.E. Longer-Life Indoor Recessed Floodlight Bulbs,7.968,3,0.6,-2.3904
1878,CA-2017-118885,12/29/2017,1/2/2018,Standard Class,JG-15160,James Galang,Consumer,United States,Los Angeles,California,90049,West,FUR-CH-10002880,Furniture,Chairs,"Global High-Back Leather Tilter, Burgundy",393.568,4,0.2,-44.2764
7633,US-2017-158526,12/29/2017,1/1/2018,Second Class,KH-16360,Katherine Hughes,Consumer,United States,Louisville,Kentucky,40214,South,FUR-CH-10002602,Furniture,Chairs,DMI Arturo Collection Mission-style Design Wood Chair,1207.84,8,0,314.0384
908,CA-2017-143259,12/30/2017,1/3/2018,Standard Class,PO-18865,Patrick O'Donnell,Consumer,United States,New York City,New York,10009,East,TEC-PH-10004774,Technology,Phones,Gear Head AU3700S Headset,90.93,7,0,2.7279
